timestamp,sensor_type,value
2024-05-01 12:00:00,dht22_temp,24.985590967042207
2024-05-01 12:00:00,dht22_humidity,54.91354819983424
2024-05-01 12:00:00,mq2_gas,198.88684138432336
2024-05-01 12:00:05,dht22_temp,25.11019570589655
2024-05-01 12:00:05,dht22_humidity,54.93464343948707
2024-05-01 12:00:05,mq2_gas,185.02646585659042
2024-05-01 12:00:10,dht22_temp,25.11321050278004
2024-05-01 12:00:10,dht22_humidity,54.86008256272625
2024-05-01 12:00:10,mq2_gas,197.83041315854805
2024-05-01 12:00:15,dht22_temp,25.131516491628975
2024-05-01 12:00:15,dht22_humidity,55.10209295901439
2024-05-01 12:00:15,mq2_gas,211.63558686599143
2024-05-01 12:00:20,dht22_temp,25.22549303861821
2024-05-01 12:00:20,dht22_humidity,55.030274415112046
2024-05-01 12:00:20,mq2_gas,192.6167839765518
2024-05-01 12:00:25,dht22_temp,25.098200596544885
2024-05-01 12:00:25,dht22_humidity,55.08415943375224
2024-05-01 12:00:25,mq2_gas,213.1108082720405
2024-05-01 12:00:30,dht22_temp,25.243590100968177
2024-05-01 12:00:30,dht22_humidity,54.89069374279482
2024-05-01 12:00:30,mq2_gas,205.3177622040087
2024-05-01 12:00:35,dht22_temp,25.133731699487605
2024-05-01 12:00:35,dht22_humidity,54.76749403595239
2024-05-01 12:00:35,mq2_gas,204.90362532593525
2024-05-01 12:00:40,dht22_temp,25.405976851766436
2024-05-01 12:00:40,dht22_humidity,54.780018052878646
2024-05-01 12:00:40,mq2_gas,203.7659985868791
2024-05-01 12:00:45,dht22_temp,25.38288049178449
2024-05-01 12:00:45,dht22_humidity,55.26513393969654
2024-05-01 12:00:45,mq2_gas,188.86777785751826
2024-05-01 12:00:50,dht22_temp,25.45416373034866
2024-05-01 12:00:50,dht22_humidity,54.087301912690656
2024-05-01 12:00:50,mq2_gas,173.8005457778115
2024-05-01 12:00:55,dht22_temp,25.375770173341788
2024-05-01 12:00:55,dht22_humidity,54.35422096496819
2024-05-01 12:00:55,mq2_gas,208.76012243056405
2024-05-01 12:01:00,dht22_temp,25.541831842815558
2024-05-01 12:01:00,dht22_humidity,54.167145074980176
2024-05-01 12:01:00,mq2_gas,208.47361423348
2024-05-01 12:01:05,dht22_temp,25.413940821360075
2024-05-01 12:01:05,dht22_humidity,54.69513170890593
2024-05-01 12:01:05,mq2_gas,197.0610022204347
2024-05-01 12:01:10,dht22_temp,25.56415328287432
2024-05-01 12:01:10,dht22_humidity,55.10618172000878
2024-05-01 12:01:10,mq2_gas,206.38413790792444
2024-05-01 12:01:15,dht22_temp,25.6260289235096
2024-05-01 12:01:15,dht22_humidity,54.97751215846472
2024-05-01 12:01:15,mq2_gas,204.7849203765012
2024-05-01 12:01:20,dht22_temp,25.566434574710275
2024-05-01 12:01:20,dht22_humidity,54.24661942310613
2024-05-01 12:01:20,mq2_gas,195.30031725863986
2024-05-01 12:01:25,dht22_temp,25.716906824329307
2024-05-01 12:01:25,dht22_humidity,54.43013587927148
2024-05-01 12:01:25,mq2_gas,223.35754222480548
2024-05-01 12:01:30,dht22_temp,25.62261921233153
2024-05-01 12:01:30,dht22_humidity,53.95279821181231
2024-05-01 12:01:30,mq2_gas,207.68473515469697
2024-05-01 12:01:35,dht22_temp,25.884025936960313
2024-05-01 12:01:35,dht22_humidity,54.69930995353547
2024-05-01 12:01:35,mq2_gas,208.35817345967672
2024-05-01 12:01:40,dht22_temp,25.921471182361515
2024-05-01 12:01:40,dht22_humidity,54.34089907144371
2024-05-01 12:01:40,mq2_gas,185.77041066861023
2024-05-01 12:01:45,dht22_temp,25.762313251287267
2024-05-01 12:01:45,dht22_humidity,54.803067586773
2024-05-01 12:01:45,mq2_gas,185.56321593921712
2024-05-01 12:01:50,dht22_temp,25.855232062210725
2024-05-01 12:01:50,dht22_humidity,54.38924128996856
2024-05-01 12:01:50,mq2_gas,196.8440783518633
2024-05-01 12:01:55,dht22_temp,25.96025941256785
2024-05-01 12:01:55,dht22_humidity,54.48635138286655
2024-05-01 12:01:55,mq2_gas,223.21408516900732
2024-05-01 12:02:00,dht22_temp,25.98555512786028
2024-05-01 12:02:00,dht22_humidity,53.821976345226865
2024-05-01 12:02:00,mq2_gas,194.3820240766597
2024-05-01 12:02:05,dht22_temp,25.875692967084206
2024-05-01 12:02:05,dht22_humidity,54.530952377434
2024-05-01 12:02:05,mq2_gas,194.331671651863
2024-05-01 12:02:10,dht22_temp,25.986734198317414
2024-05-01 12:02:10,dht22_humidity,54.35507030239012
2024-05-01 12:02:10,mq2_gas,192.76537009348593
2024-05-01 12:02:15,dht22_temp,25.998906186944453
2024-05-01 12:02:15,dht22_humidity,52.98289162286028
2024-05-01 12:02:15,mq2_gas,189.17521380961287
2024-05-01 12:02:20,dht22_temp,26.005598754622582
2024-05-01 12:02:20,dht22_humidity,54.03209143068078
2024-05-01 12:02:20,mq2_gas,211.93493272443297
2024-05-01 12:02:25,dht22_temp,26.094201192267374
2024-05-01 12:02:25,dht22_humidity,53.87317924943072
2024-05-01 12:02:25,mq2_gas,201.67969368547233
2024-05-01 12:02:30,dht22_temp,26.23775905813543
2024-05-01 12:02:30,dht22_humidity,54.105121943738204
2024-05-01 12:02:30,mq2_gas,202.73693315407542
2024-05-01 12:02:35,dht22_temp,26.060975890730077
2024-05-01 12:02:35,dht22_humidity,54.02379782745195
2024-05-01 12:02:35,mq2_gas,203.81047127955753
2024-05-01 12:02:40,dht22_temp,26.317085037696206
2024-05-01 12:02:40,dht22_humidity,53.46858025039522
2024-05-01 12:02:40,mq2_gas,219.53100924483846
2024-05-01 12:02:45,dht22_temp,26.190346069914686
2024-05-01 12:02:45,dht22_humidity,54.18931503525072
2024-05-01 12:02:45,mq2_gas,201.15118972607232
2024-05-01 12:02:50,dht22_temp,26.205959147112388
2024-05-01 12:02:50,dht22_humidity,52.735691793028714
2024-05-01 12:02:50,mq2_gas,198.48969448461165
2024-05-01 12:02:55,dht22_temp,26.430767477092104
2024-05-01 12:02:55,dht22_humidity,53.61317153912399
2024-05-01 12:02:55,mq2_gas,206.88883864266003
2024-05-01 12:03:00,dht22_temp,26.081182086633827
2024-05-01 12:03:00,dht22_humidity,53.46353194363834
2024-05-01 12:03:00,mq2_gas,205.55852410919843
2024-05-01 12:03:05,dht22_temp,26.293583194815756
2024-05-01 12:03:05,dht22_humidity,52.69548077882037
2024-05-01 12:03:05,mq2_gas,199.97689548186418
2024-05-01 12:03:10,dht22_temp,26.550330516535976
2024-05-01 12:03:10,dht22_humidity,52.38086509760826
2024-05-01 12:03:10,mq2_gas,195.72194965263716
2024-05-01 12:03:15,dht22_temp,26.54273731343588
2024-05-01 12:03:15,dht22_humidity,52.58276486803283
2024-05-01 12:03:15,mq2_gas,196.3574852413906
2024-05-01 12:03:20,dht22_temp,26.444489816527913
2024-05-01 12:03:20,dht22_humidity,52.08086684102285
2024-05-01 12:03:20,mq2_gas,202.19945430150014
2024-05-01 12:03:25,dht22_temp,26.341329899756428
2024-05-01 12:03:25,dht22_humidity,53.03809358934593
2024-05-01 12:03:25,mq2_gas,200.0318082275799
2024-05-01 12:03:30,dht22_temp,26.717629386626495
2024-05-01 12:03:30,dht22_humidity,52.62827549622415
2024-05-01 12:03:30,mq2_gas,213.6568949043275
2024-05-01 12:03:35,dht22_temp,26.38535872861882
2024-05-01 12:03:35,dht22_humidity,52.317591544448014
2024-05-01 12:03:35,mq2_gas,203.23145654014104
2024-05-01 12:03:40,dht22_temp,26.716049849635045
2024-05-01 12:03:40,dht22_humidity,51.42752263811741
2024-05-01 12:03:40,mq2_gas,209.90619679808822
2024-05-01 12:03:45,dht22_temp,26.62578922063656
2024-05-01 12:03:45,dht22_humidity,52.922655681862395
2024-05-01 12:03:45,mq2_gas,207.12385518078722
2024-05-01 12:03:50,dht22_temp,26.596410358583128
2024-05-01 12:03:50,dht22_humidity,51.78161237921171
2024-05-01 12:03:50,mq2_gas,187.5182028215728
2024-05-01 12:03:55,dht22_temp,26.634658477300526
2024-05-01 12:03:55,dht22_humidity,51.831866983582024
2024-05-01 12:03:55,mq2_gas,220.20267338079643
2024-05-01 12:04:00,dht22_temp,26.57728065380351
2024-05-01 12:04:00,dht22_humidity,51.97198469498592
2024-05-01 12:04:00,mq2_gas,184.3099858032427
2024-05-01 12:04:05,dht22_temp,26.621448483151323
2024-05-01 12:04:05,dht22_humidity,51.82530380772614
2024-05-01 12:04:05,mq2_gas,208.23960012519504
2024-05-01 12:04:10,dht22_temp,26.827752138298603
2024-05-01 12:04:10,dht22_humidity,51.554537723811706
2024-05-01 12:04:10,mq2_gas,188.82755120939115
2024-05-01 12:04:15,dht22_temp,26.75000108384788
2024-05-01 12:04:15,dht22_humidity,51.716001974417445
2024-05-01 12:04:15,mq2_gas,204.9165834283827
2024-05-01 12:04:20,dht22_temp,26.654779684569203
2024-05-01 12:04:20,dht22_humidity,51.904186341916386
2024-05-01 12:04:20,mq2_gas,200.87895910904516
2024-05-01 12:04:25,dht22_temp,26.81469342686157
2024-05-01 12:04:25,dht22_humidity,51.85368059078042
2024-05-01 12:04:25,mq2_gas,206.0927232056585
2024-05-01 12:04:30,dht22_temp,26.792567216568074
2024-05-01 12:04:30,dht22_humidity,52.17143105301547
2024-05-01 12:04:30,mq2_gas,202.4370304097215
2024-05-01 12:04:35,dht22_temp,26.752818296845664
2024-05-01 12:04:35,dht22_humidity,51.02872205873645
2024-05-01 12:04:35,mq2_gas,214.82768668437134
2024-05-01 12:04:40,dht22_temp,26.812072133041692
2024-05-01 12:04:40,dht22_humidity,51.10952454207081
2024-05-01 12:04:40,mq2_gas,211.95731440332162
2024-05-01 12:04:45,dht22_temp,26.76598113120908
2024-05-01 12:04:45,dht22_humidity,49.86311688477244
2024-05-01 12:04:45,mq2_gas,202.9942315221644
2024-05-01 12:04:50,dht22_temp,26.85657969699593
2024-05-01 12:04:50,dht22_humidity,50.29850875755643
2024-05-01 12:04:50,mq2_gas,208.71086381042417
2024-05-01 12:04:55,dht22_temp,26.9099687625145
2024-05-01 12:04:55,dht22_humidity,49.980753161933094
2024-05-01 12:04:55,mq2_gas,205.18218444021204
2024-05-01 12:05:00,dht22_temp,26.844467676044193
2024-05-01 12:05:00,dht22_humidity,49.612173373234874
2024-05-01 12:05:00,mq2_gas,204.52950233065968
2024-05-01 12:05:05,dht22_temp,26.873677249970196
2024-05-01 12:05:05,dht22_humidity,49.85626015210705
2024-05-01 12:05:05,mq2_gas,205.22945586896748
2024-05-01 12:05:10,dht22_temp,26.940377326118316
2024-05-01 12:05:10,dht22_humidity,49.81520554704331
2024-05-01 12:05:10,mq2_gas,204.0035219053468
2024-05-01 12:05:15,dht22_temp,27.005687176800276
2024-05-01 12:05:15,dht22_humidity,49.6226483780337
2024-05-01 12:05:15,mq2_gas,203.8089002740159
2024-05-01 12:05:20,dht22_temp,26.91630729562658
2024-05-01 12:05:20,dht22_humidity,50.987007543819
2024-05-01 12:05:20,mq2_gas,181.37697029221812
2024-05-01 12:05:25,dht22_temp,26.996644763975034
2024-05-01 12:05:25,dht22_humidity,49.575991814974714
2024-05-01 12:05:25,mq2_gas,198.9980245117017
2024-05-01 12:05:30,dht22_temp,27.127589097874857
2024-05-01 12:05:30,dht22_humidity,49.60010898033593
2024-05-01 12:05:30,mq2_gas,222.40943703775568
2024-05-01 12:05:35,dht22_temp,26.902754286849284
2024-05-01 12:05:35,dht22_humidity,49.65518004764144
2024-05-01 12:05:35,mq2_gas,195.09152498325108
2024-05-01 12:05:40,dht22_temp,26.886660403608843
2024-05-01 12:05:40,dht22_humidity,49.38701909174814
2024-05-01 12:05:40,mq2_gas,197.174284746509
2024-05-01 12:05:45,dht22_temp,26.983956219143362
2024-05-01 12:05:45,dht22_humidity,48.17951971428962
2024-05-01 12:05:45,mq2_gas,220.024676886096
2024-05-01 12:05:50,dht22_temp,26.954199769098793
2024-05-01 12:05:50,dht22_humidity,49.980222474869535
2024-05-01 12:05:50,mq2_gas,189.92887873893523
2024-05-01 12:05:55,dht22_temp,27.006557096175868
2024-05-01 12:05:55,dht22_humidity,50.56853383600493
2024-05-01 12:05:55,mq2_gas,191.3027081689371
2024-05-01 12:06:00,dht22_temp,26.833386719072546
2024-05-01 12:06:00,dht22_humidity,48.59073475886625
2024-05-01 12:06:00,mq2_gas,204.72488427322605
2024-05-01 12:06:05,dht22_temp,27.05707073082942
2024-05-01 12:06:05,dht22_humidity,49.38780958138053
2024-05-01 12:06:05,mq2_gas,197.42987601606686
2024-05-01 12:06:10,dht22_temp,26.831536613125248
2024-05-01 12:06:10,dht22_humidity,48.4045338636399
2024-05-01 12:06:10,mq2_gas,212.40222694801759
2024-05-01 12:06:15,dht22_temp,27.04155623852524
2024-05-01 12:06:15,dht22_humidity,47.52386307636463
2024-05-01 12:06:15,mq2_gas,199.64948488311845
2024-05-01 12:06:20,dht22_temp,27.13723709708338
2024-05-01 12:06:20,dht22_humidity,49.4468262341577
2024-05-01 12:06:20,mq2_gas,205.61686638784778
2024-05-01 12:06:25,dht22_temp,27.02998189249091
2024-05-01 12:06:25,dht22_humidity,47.64567925559877
2024-05-01 12:06:25,mq2_gas,191.56757126032494
2024-05-01 12:06:30,dht22_temp,27.00457502621055
2024-05-01 12:06:30,dht22_humidity,48.40069471365033
2024-05-01 12:06:30,mq2_gas,205.80184191119764
2024-05-01 12:06:35,dht22_temp,26.952094437484064
2024-05-01 12:06:35,dht22_humidity,47.457595237532175
2024-05-01 12:06:35,mq2_gas,192.22218158900085
2024-05-01 12:06:40,dht22_temp,26.883449766657034
2024-05-01 12:06:40,dht22_humidity,48.240970408646284
2024-05-01 12:06:40,mq2_gas,176.8771889395434
2024-05-01 12:06:45,dht22_temp,26.9642516843801
2024-05-01 12:06:45,dht22_humidity,48.03120483996863
2024-05-01 12:06:45,mq2_gas,215.2201272466494
2024-05-01 12:06:50,dht22_temp,27.002342730143443
2024-05-01 12:06:50,dht22_humidity,48.19527851287349
2024-05-01 12:06:50,mq2_gas,196.00995928218907
2024-05-01 12:06:55,dht22_temp,26.917607581179865
2024-05-01 12:06:55,dht22_humidity,47.247251670213835
2024-05-01 12:06:55,mq2_gas,215.27335781901832
2024-05-01 12:07:00,dht22_temp,27.087508518785928
2024-05-01 12:07:00,dht22_humidity,47.71946844023202
2024-05-01 12:07:00,mq2_gas,233.3026886356177
2024-05-01 12:07:05,dht22_temp,26.98009548365232
2024-05-01 12:07:05,dht22_humidity,47.67884315199288
2024-05-01 12:07:05,mq2_gas,203.07591552558512
2024-05-01 12:07:10,dht22_temp,26.955590962996986
2024-05-01 12:07:10,dht22_humidity,48.4212973464844
2024-05-01 12:07:10,mq2_gas,215.06604803037112
2024-05-01 12:07:15,dht22_temp,26.83149039420905
2024-05-01 12:07:15,dht22_humidity,46.95954226119453
2024-05-01 12:07:15,mq2_gas,204.28336538368288
2024-05-01 12:07:20,dht22_temp,27.042626955779443
2024-05-01 12:07:20,dht22_humidity,46.38327087881658
2024-05-01 12:07:20,mq2_gas,177.44438412978198
2024-05-01 12:07:25,dht22_temp,26.76575651673991
2024-05-01 12:07:25,dht22_humidity,46.92180664364753
2024-05-01 12:07:25,mq2_gas,198.9679682096032
2024-05-01 12:07:30,dht22_temp,26.98221719936784
2024-05-01 12:07:30,dht22_humidity,46.47429449744678
2024-05-01 12:07:30,mq2_gas,187.75762324093938
2024-05-01 12:07:35,dht22_temp,26.735913752002975
2024-05-01 12:07:35,dht22_humidity,46.92745801715952
2024-05-01 12:07:35,mq2_gas,203.70053958487776
2024-05-01 12:07:40,dht22_temp,27.027265359340465
2024-05-01 12:07:40,dht22_humidity,47.06401773759049
2024-05-01 12:07:40,mq2_gas,198.0928441906306
2024-05-01 12:07:45,dht22_temp,27.051868662433176
2024-05-01 12:07:45,dht22_humidity,46.50827399777807
2024-05-01 12:07:45,mq2_gas,193.39163613681927
2024-05-01 12:07:50,dht22_temp,26.853094544212833
2024-05-01 12:07:50,dht22_humidity,46.19402879377953
2024-05-01 12:07:50,mq2_gas,178.34263280499658
2024-05-01 12:07:55,dht22_temp,26.908232780673405
2024-05-01 12:07:55,dht22_humidity,46.523550438597624
2024-05-01 12:07:55,mq2_gas,196.37734189117901
2024-05-01 12:08:00,dht22_temp,26.80790680036201
2024-05-01 12:08:00,dht22_humidity,46.49893333447142
2024-05-01 12:08:00,mq2_gas,217.16870587547692
2024-05-01 12:08:05,dht22_temp,26.8690555432949
2024-05-01 12:08:05,dht22_humidity,45.975942633611204
2024-05-01 12:08:05,mq2_gas,194.0855279757707
2024-05-01 12:08:10,dht22_temp,26.84344739776182
2024-05-01 12:08:10,dht22_humidity,45.516460944242745
2024-05-01 12:08:10,mq2_gas,198.7473931180192
2024-05-01 12:08:15,dht22_temp,26.8409941369973
2024-05-01 12:08:15,dht22_humidity,46.99267421350231
2024-05-01 12:08:15,mq2_gas,209.43473764113375
2024-05-01 12:08:20,dht22_temp,26.92199777721635
2024-05-01 12:08:20,dht22_humidity,45.63780765171571
2024-05-01 12:08:20,mq2_gas,206.69921543236242
2024-05-01 12:08:25,dht22_temp,26.687648135590262
2024-05-01 12:08:25,dht22_humidity,46.07671276666372
2024-05-01 12:08:25,mq2_gas,204.1873726041886
2024-05-01 12:08:30,dht22_temp,26.707216360300535
2024-05-01 12:08:30,dht22_humidity,46.849422226404634
2024-05-01 12:08:30,mq2_gas,205.67373662750663
2024-05-01 12:08:35,dht22_temp,26.575141871342495
2024-05-01 12:08:35,dht22_humidity,46.05775595482797
2024-05-01 12:08:35,mq2_gas,195.9258818110999
2024-05-01 12:08:40,dht22_temp,26.746403580596663
2024-05-01 12:08:40,dht22_humidity,45.94843862861235
2024-05-01 12:08:40,mq2_gas,203.9053266731154
2024-05-01 12:08:45,dht22_temp,26.522503598994287
2024-05-01 12:08:45,dht22_humidity,45.073304220863285
2024-05-01 12:08:45,mq2_gas,207.72624158574592
2024-05-01 12:08:50,dht22_temp,26.83600138802868
2024-05-01 12:08:50,dht22_humidity,46.54366546393982
2024-05-01 12:08:50,mq2_gas,218.03168238653106
2024-05-01 12:08:55,dht22_temp,26.47910720281024
2024-05-01 12:08:55,dht22_humidity,45.91920980989371
2024-05-01 12:08:55,mq2_gas,180.83709798884897
2024-05-01 12:09:00,dht22_temp,26.824126994411568
2024-05-01 12:09:00,dht22_humidity,45.60631399132572
2024-05-01 12:09:00,mq2_gas,188.5883121202296
2024-05-01 12:09:05,dht22_temp,26.841197989951862
2024-05-01 12:09:05,dht22_humidity,45.749620343849045
2024-05-01 12:09:05,mq2_gas,181.08851111048529
2024-05-01 12:09:10,dht22_temp,26.64633961938524
2024-05-01 12:09:10,dht22_humidity,45.01291815300499
2024-05-01 12:09:10,mq2_gas,201.1129547997024
2024-05-01 12:09:15,dht22_temp,26.546611483016637
2024-05-01 12:09:15,dht22_humidity,46.018976542602594
2024-05-01 12:09:15,mq2_gas,185.76713611816425
2024-05-01 12:09:20,dht22_temp,26.60037236699498
2024-05-01 12:09:20,dht22_humidity,46.1959824669567
2024-05-01 12:09:20,mq2_gas,191.73039701029728
2024-05-01 12:09:25,dht22_temp,26.564570191646073
2024-05-01 12:09:25,dht22_humidity,45.349492105781465
2024-05-01 12:09:25,mq2_gas,193.10297811121413
2024-05-01 12:09:30,dht22_temp,26.582550778638367
2024-05-01 12:09:30,dht22_humidity,45.2595889531395
2024-05-01 12:09:30,mq2_gas,190.56232495216875
2024-05-01 12:09:35,dht22_temp,26.667612034843323
2024-05-01 12:09:35,dht22_humidity,45.57243676668832
2024-05-01 12:09:35,mq2_gas,198.3289305497747
2024-05-01 12:09:40,dht22_temp,26.400795411316157
2024-05-01 12:09:40,dht22_humidity,44.753027863146784
2024-05-01 12:09:40,mq2_gas,212.30940972560552
2024-05-01 12:09:45,dht22_temp,26.422281762684197
2024-05-01 12:09:45,dht22_humidity,45.34654226827888
2024-05-01 12:09:45,mq2_gas,198.15543299107065
2024-05-01 12:09:50,dht22_temp,26.470462478522087
2024-05-01 12:09:50,dht22_humidity,45.03349941994479
2024-05-01 12:09:50,mq2_gas,207.63853872477068
2024-05-01 12:09:55,dht22_temp,26.36182887613172
2024-05-01 12:09:55,dht22_humidity,45.484016111833654
2024-05-01 12:09:55,mq2_gas,206.7238410934964
2024-05-01 12:10:00,dht22_temp,26.339265381036185
2024-05-01 12:10:00,dht22_humidity,44.620148896784485
2024-05-01 12:10:00,mq2_gas,190.59880009456194
2024-05-01 12:10:05,dht22_temp,26.247088720544323
2024-05-01 12:10:05,dht22_humidity,44.54170231450239
2024-05-01 12:10:05,mq2_gas,208.65796421254052
2024-05-01 12:10:10,dht22_temp,26.286209765417702
2024-05-01 12:10:10,dht22_humidity,45.80600886609096
2024-05-01 12:10:10,mq2_gas,222.7932982770514
2024-05-01 12:10:15,dht22_temp,26.262483507099006
2024-05-01 12:10:15,dht22_humidity,44.23707375623229
2024-05-01 12:10:15,mq2_gas,196.18546468459718
2024-05-01 12:10:20,dht22_temp,26.22121367391978
2024-05-01 12:10:20,dht22_humidity,44.2601030760572
2024-05-01 12:10:20,mq2_gas,197.4950672269695
2024-05-01 12:10:25,dht22_temp,26.2256389191221
2024-05-01 12:10:25,dht22_humidity,44.77097435149288
2024-05-01 12:10:25,mq2_gas,192.31574077087143
2024-05-01 12:10:30,dht22_temp,26.088785623091884
2024-05-01 12:10:30,dht22_humidity,45.893518572823
2024-05-01 12:10:30,mq2_gas,198.4035391970231
2024-05-01 12:10:35,dht22_temp,26.04891944942905
2024-05-01 12:10:35,dht22_humidity,44.8163406721539
2024-05-01 12:10:35,mq2_gas,209.54343708045369
2024-05-01 12:10:40,dht22_temp,26.030242068449997
2024-05-01 12:10:40,dht22_humidity,45.24944977569215
2024-05-01 12:10:40,mq2_gas,207.278849488997
2024-05-01 12:10:45,dht22_temp,26.139981598331342
2024-05-01 12:10:45,dht22_humidity,45.7172292188442
2024-05-01 12:10:45,mq2_gas,194.49518020363593
2024-05-01 12:10:50,dht22_temp,26.14427602986113
2024-05-01 12:10:50,dht22_humidity,44.63292481969159
2024-05-01 12:10:50,mq2_gas,196.03460123000775
2024-05-01 12:10:55,dht22_temp,26.116132002129714
2024-05-01 12:10:55,dht22_humidity,45.455615550940415
2024-05-01 12:10:55,mq2_gas,200.02097550598407
2024-05-01 12:11:00,dht22_temp,25.84250384737431
2024-05-01 12:11:00,dht22_humidity,45.34343106400234
2024-05-01 12:11:00,mq2_gas,193.69627300516768
2024-05-01 12:11:05,dht22_temp,25.8339940470397
2024-05-01 12:11:05,dht22_humidity,44.759793037873926
2024-05-01 12:11:05,mq2_gas,202.46494039900443
2024-05-01 12:11:10,dht22_temp,25.67864607854059
2024-05-01 12:11:10,dht22_humidity,45.28857318369633
2024-05-01 12:11:10,mq2_gas,201.73909619709943
2024-05-01 12:11:15,dht22_temp,25.796307120223958
2024-05-01 12:11:15,dht22_humidity,45.654043916827945
2024-05-01 12:11:15,mq2_gas,206.11440423692758
2024-05-01 12:11:20,dht22_temp,25.75779992479752
2024-05-01 12:11:20,dht22_humidity,44.83100072621723
2024-05-01 12:11:20,mq2_gas,206.9515147546193
2024-05-01 12:11:25,dht22_temp,25.6301622018553
2024-05-01 12:11:25,dht22_humidity,45.033147676224175
2024-05-01 12:11:25,mq2_gas,193.68953472525325
2024-05-01 12:11:30,dht22_temp,25.751785827315505
2024-05-01 12:11:30,dht22_humidity,45.34147218822386
2024-05-01 12:11:30,mq2_gas,200.36787914964282
2024-05-01 12:11:35,dht22_temp,25.821013498224225
2024-05-01 12:11:35,dht22_humidity,45.38936788211447
2024-05-01 12:11:35,mq2_gas,196.85007748782783
2024-05-01 12:11:40,dht22_temp,25.548890809556053
2024-05-01 12:11:40,dht22_humidity,45.678641461974884
2024-05-01 12:11:40,mq2_gas,205.2814654585169
2024-05-01 12:11:45,dht22_temp,25.777236882923784
2024-05-01 12:11:45,dht22_humidity,44.989295620300545
2024-05-01 12:11:45,mq2_gas,200.26418040085687
2024-05-01 12:11:50,dht22_temp,25.58821343285427
2024-05-01 12:11:50,dht22_humidity,45.367422040543836
2024-05-01 12:11:50,mq2_gas,200.10390211327115
2024-05-01 12:11:55,dht22_temp,25.38431790260503
2024-05-01 12:11:55,dht22_humidity,45.87479250378377
2024-05-01 12:11:55,mq2_gas,206.53205871331969
2024-05-01 12:12:00,dht22_temp,25.6302860394081
2024-05-01 12:12:00,dht22_humidity,46.640995101576436
2024-05-01 12:12:00,mq2_gas,196.81032806364232
2024-05-01 12:12:05,dht22_temp,25.474884340784836
2024-05-01 12:12:05,dht22_humidity,45.57781010654657
2024-05-01 12:12:05,mq2_gas,219.42185450708456
2024-05-01 12:12:10,dht22_temp,25.26644525217674
2024-05-01 12:12:10,dht22_humidity,45.875279496684016
2024-05-01 12:12:10,mq2_gas,185.29168632551563
2024-05-01 12:12:15,dht22_temp,25.142302891231225
2024-05-01 12:12:15,dht22_humidity,44.68418591406536
2024-05-01 12:12:15,mq2_gas,186.18231444291627
2024-05-01 12:12:20,dht22_temp,25.468095079730535
2024-05-01 12:12:20,dht22_humidity,45.325319634965076
2024-05-01 12:12:20,mq2_gas,197.72542340718581
2024-05-01 12:12:25,dht22_temp,25.20542935391692
2024-05-01 12:12:25,dht22_humidity,46.13252278676383
2024-05-01 12:12:25,mq2_gas,188.98038475499186
2024-05-01 12:12:30,dht22_temp,25.41400523372025
2024-05-01 12:12:30,dht22_humidity,45.40065050616856
2024-05-01 12:12:30,mq2_gas,192.35172562021376
2024-05-01 12:12:35,dht22_temp,25.2548606146015
2024-05-01 12:12:35,dht22_humidity,45.98227860380676
2024-05-01 12:12:35,mq2_gas,214.24690088752885
2024-05-01 12:12:40,dht22_temp,25.21487670144252
2024-05-01 12:12:40,dht22_humidity,45.44124429624748
2024-05-01 12:12:40,mq2_gas,194.39664725903685
2024-05-01 12:12:45,dht22_temp,25.105725909183754
2024-05-01 12:12:45,dht22_humidity,46.485392643392814
2024-05-01 12:12:45,mq2_gas,203.8379300881221
2024-05-01 12:12:50,dht22_temp,25.111168332558613
2024-05-01 12:12:50,dht22_humidity,46.63780831431416
2024-05-01 12:12:50,mq2_gas,194.7150358282173
2024-05-01 12:12:55,dht22_temp,25.06953795003537
2024-05-01 12:12:55,dht22_humidity,46.37589107642665
2024-05-01 12:12:55,mq2_gas,215.2818128276478
2024-05-01 12:13:00,dht22_temp,25.03332863341983
2024-05-01 12:13:00,dht22_humidity,46.19493902459193
2024-05-01 12:13:00,mq2_gas,189.54162962287708
2024-05-01 12:13:05,dht22_temp,25.071790524164623
2024-05-01 12:13:05,dht22_humidity,46.163611816915115
2024-05-01 12:13:05,mq2_gas,203.436850178679
2024-05-01 12:13:10,dht22_temp,24.77302639709492
2024-05-01 12:13:10,dht22_humidity,47.06833799660497
2024-05-01 12:13:10,mq2_gas,186.68062232011397
2024-05-01 12:13:15,dht22_temp,24.845469954631987
2024-05-01 12:13:15,dht22_humidity,47.16750327005104
2024-05-01 12:13:15,mq2_gas,186.65529264025614
2024-05-01 12:13:20,dht22_temp,24.875306209607515
2024-05-01 12:13:20,dht22_humidity,46.76890993622219
2024-05-01 12:13:20,mq2_gas,190.01443186667157
2024-05-01 12:13:25,dht22_temp,24.977639233213267
2024-05-01 12:13:25,dht22_humidity,47.576782769831475
2024-05-01 12:13:25,mq2_gas,180.2838249640505
2024-05-01 12:13:30,dht22_temp,24.658603782769934
2024-05-01 12:13:30,dht22_humidity,47.32910421861863
2024-05-01 12:13:30,mq2_gas,186.96975864632685
2024-05-01 12:13:35,dht22_temp,24.724874552859664
2024-05-01 12:13:35,dht22_humidity,47.089280442572594
2024-05-01 12:13:35,mq2_gas,206.9185008231336
2024-05-01 12:13:40,dht22_temp,24.701743006016414
2024-05-01 12:13:40,dht22_humidity,47.17349072723467
2024-05-01 12:13:40,mq2_gas,192.2326708264952
2024-05-01 12:13:45,dht22_temp,24.813744771556895
2024-05-01 12:13:45,dht22_humidity,46.981395439087024
2024-05-01 12:13:45,mq2_gas,203.39732887576002
2024-05-01 12:13:50,dht22_temp,24.593911341659958
2024-05-01 12:13:50,dht22_humidity,47.387117965181446
2024-05-01 12:13:50,mq2_gas,198.31836895600034
2024-05-01 12:13:55,dht22_temp,24.589537236974152
2024-05-01 12:13:55,dht22_humidity,46.93363583356443
2024-05-01 12:13:55,mq2_gas,207.96412794238037
2024-05-01 12:14:00,dht22_temp,24.708054080899068
2024-05-01 12:14:00,dht22_humidity,47.67026994218622
2024-05-01 12:14:00,mq2_gas,207.32335273747717
2024-05-01 12:14:05,dht22_temp,24.611496146678064
2024-05-01 12:14:05,dht22_humidity,48.12239039969196
2024-05-01 12:14:05,mq2_gas,203.03356751359118
2024-05-01 12:14:10,dht22_temp,24.510143523944578
2024-05-01 12:14:10,dht22_humidity,48.201566186441426
2024-05-01 12:14:10,mq2_gas,200.68832325602781
2024-05-01 12:14:15,dht22_temp,24.352958819977257
2024-05-01 12:14:15,dht22_humidity,47.89404571969553
2024-05-01 12:14:15,mq2_gas,181.11584608460558
2024-05-01 12:14:20,dht22_temp,24.411413351293355
2024-05-01 12:14:20,dht22_humidity,48.202690307748874
2024-05-01 12:14:20,mq2_gas,212.35980776313951
2024-05-01 12:14:25,dht22_temp,24.38901900953377
2024-05-01 12:14:25,dht22_humidity,48.57520907950333
2024-05-01 12:14:25,mq2_gas,199.99462485808593
2024-05-01 12:14:30,dht22_temp,24.23368198895385
2024-05-01 12:14:30,dht22_humidity,47.521764815899694
2024-05-01 12:14:30,mq2_gas,190.30265621862722
2024-05-01 12:14:35,dht22_temp,24.16181877275608
2024-05-01 12:14:35,dht22_humidity,48.66173186899519
2024-05-01 12:14:35,mq2_gas,197.92385314301703
2024-05-01 12:14:40,dht22_temp,24.318149571912578
2024-05-01 12:14:40,dht22_humidity,48.500051365023644
2024-05-01 12:14:40,mq2_gas,210.44049544722134
2024-05-01 12:14:45,dht22_temp,24.330117443205424
2024-05-01 12:14:45,dht22_humidity,48.26008469778976
2024-05-01 12:14:45,mq2_gas,197.256840390549
2024-05-01 12:14:50,dht22_temp,24.134105737033703
2024-05-01 12:14:50,dht22_humidity,47.892401448181396
2024-05-01 12:14:50,mq2_gas,206.7521714540087
2024-05-01 12:14:55,dht22_temp,24.269883539852195
2024-05-01 12:14:55,dht22_humidity,48.820957621642215
2024-05-01 12:14:55,mq2_gas,195.06807781550998
2024-05-01 12:15:00,dht22_temp,24.22404961629925
2024-05-01 12:15:00,dht22_humidity,47.77353985833836
2024-05-01 12:15:00,mq2_gas,201.77475195935375
2024-05-01 12:15:05,dht22_temp,24.093596567752034
2024-05-01 12:15:05,dht22_humidity,48.78310036371487
2024-05-01 12:15:05,mq2_gas,213.91574530759374
2024-05-01 12:15:10,dht22_temp,24.141019049634764
2024-05-01 12:15:10,dht22_humidity,49.06104029438259
2024-05-01 12:15:10,mq2_gas,199.13304009948166
2024-05-01 12:15:15,dht22_temp,23.97020285781144
2024-05-01 12:15:15,dht22_humidity,49.05915420302054
2024-05-01 12:15:15,mq2_gas,186.91800073136136
2024-05-01 12:15:20,dht22_temp,24.112456230658193
2024-05-01 12:15:20,dht22_humidity,49.95323744047008
2024-05-01 12:15:20,mq2_gas,207.98166331139453
2024-05-01 12:15:25,dht22_temp,23.830894126205404
2024-05-01 12:15:25,dht22_humidity,50.60403361401149
2024-05-01 12:15:25,mq2_gas,219.80165265557264
2024-05-01 12:15:30,dht22_temp,23.925423622761553
2024-05-01 12:15:30,dht22_humidity,49.23614710089505
2024-05-01 12:15:30,mq2_gas,191.33569916455832
2024-05-01 12:15:35,dht22_temp,23.915200294908107
2024-05-01 12:15:35,dht22_humidity,49.35659158105696
2024-05-01 12:15:35,mq2_gas,199.65789115743277
2024-05-01 12:15:40,dht22_temp,23.949388075521192
2024-05-01 12:15:40,dht22_humidity,49.184644810843984
2024-05-01 12:15:40,mq2_gas,220.05728695595724
2024-05-01 12:15:45,dht22_temp,23.9648363932841
2024-05-01 12:15:45,dht22_humidity,49.4445105019136
2024-05-01 12:15:45,mq2_gas,185.8635870575296
2024-05-01 12:15:50,dht22_temp,23.747942032758615
2024-05-01 12:15:50,dht22_humidity,49.6724391642897
2024-05-01 12:15:50,mq2_gas,197.36279173089477
2024-05-01 12:15:55,dht22_temp,23.486773757300572
2024-05-01 12:15:55,dht22_humidity,50.19849957393869
2024-05-01 12:15:55,mq2_gas,218.02856471578818
2024-05-01 12:16:00,dht22_temp,23.60234304581842
2024-05-01 12:16:00,dht22_humidity,50.30096049878254
2024-05-01 12:16:00,mq2_gas,185.1039079905912
2024-05-01 12:16:05,dht22_temp,23.747450812314387
2024-05-01 12:16:05,dht22_humidity,50.44920621814904
2024-05-01 12:16:05,mq2_gas,219.40733059659232
2024-05-01 12:16:10,dht22_temp,23.674462079656816
2024-05-01 12:16:10,dht22_humidity,50.4997955763852
2024-05-01 12:16:10,mq2_gas,205.50272495755783
2024-05-01 12:16:15,dht22_temp,23.573844885713243
2024-05-01 12:16:15,dht22_humidity,50.13982256317806
2024-05-01 12:16:15,mq2_gas,203.01947769788606
2024-05-01 12:16:20,dht22_temp,23.57822054271754
2024-05-01 12:16:20,dht22_humidity,51.01571937228231
2024-05-01 12:16:20,mq2_gas,203.75457332560066
2024-05-01 12:16:25,dht22_temp,23.516476894592614
2024-05-01 12:16:25,dht22_humidity,51.265852407586046
2024-05-01 12:16:25,mq2_gas,217.3769657314321
2024-05-01 12:16:30,dht22_temp,23.429103325348883
2024-05-01 12:16:30,dht22_humidity,52.04561996838932
2024-05-01 12:16:30,mq2_gas,197.57196749010384
2024-05-01 12:16:35,dht22_temp,23.436179057526516
2024-05-01 12:16:35,dht22_humidity,52.51162496508133
2024-05-01 12:16:35,mq2_gas,201.55021633125247
2024-05-01 12:16:40,dht22_temp,23.623435309843263
2024-05-01 12:16:40,dht22_humidity,51.82710804777506
2024-05-01 12:16:40,mq2_gas,183.19405174960275
2024-05-01 12:16:45,dht22_temp,23.472635678337205
2024-05-01 12:16:45,dht22_humidity,51.27506089712993
2024-05-01 12:16:45,mq2_gas,186.58207405004097
2024-05-01 12:16:50,dht22_temp,23.25815704891472
2024-05-01 12:16:50,dht22_humidity,51.70731472304571
2024-05-01 12:16:50,mq2_gas,205.9025301079907
2024-05-01 12:16:55,dht22_temp,23.449795319008825
2024-05-01 12:16:55,dht22_humidity,51.6206690957316
2024-05-01 12:16:55,mq2_gas,192.01483020391834
2024-05-01 12:17:00,dht22_temp,23.28807838467181
2024-05-01 12:17:00,dht22_humidity,51.612308416335175
2024-05-01 12:17:00,mq2_gas,189.66944796879267
2024-05-01 12:17:05,dht22_temp,23.34311831274119
2024-05-01 12:17:05,dht22_humidity,51.99356939290581
2024-05-01 12:17:05,mq2_gas,191.0401183505604
2024-05-01 12:17:10,dht22_temp,23.31757663933426
2024-05-01 12:17:10,dht22_humidity,51.73872406915294
2024-05-01 12:17:10,mq2_gas,199.9552759474795
2024-05-01 12:17:15,dht22_temp,23.369489963695084
2024-05-01 12:17:15,dht22_humidity,52.32049362529589
2024-05-01 12:17:15,mq2_gas,204.72150874491027
2024-05-01 12:17:20,dht22_temp,23.132251740368062
2024-05-01 12:17:20,dht22_humidity,52.15323510721263
2024-05-01 12:17:20,mq2_gas,202.7673937673079
2024-05-01 12:17:25,dht22_temp,23.340922445337654
2024-05-01 12:17:25,dht22_humidity,51.65326998496878
2024-05-01 12:17:25,mq2_gas,201.59178253818007
2024-05-01 12:17:30,dht22_temp,23.377490520025987
2024-05-01 12:17:30,dht22_humidity,52.471122038303115
2024-05-01 12:17:30,mq2_gas,199.05241888523264
2024-05-01 12:17:35,dht22_temp,23.282633636545953
2024-05-01 12:17:35,dht22_humidity,52.79054201428743
2024-05-01 12:17:35,mq2_gas,206.74637350258547
2024-05-01 12:17:40,dht22_temp,23.226273769244514
2024-05-01 12:17:40,dht22_humidity,52.84811971607217
2024-05-01 12:17:40,mq2_gas,192.17555562858968
2024-05-01 12:17:45,dht22_temp,23.184145394493434
2024-05-01 12:17:45,dht22_humidity,53.50158912854499
2024-05-01 12:17:45,mq2_gas,197.95830244340695
2024-05-01 12:17:50,dht22_temp,23.167209050819057
2024-05-01 12:17:50,dht22_humidity,52.730636053983275
2024-05-01 12:17:50,mq2_gas,207.87185882440716
2024-05-01 12:17:55,dht22_temp,23.082200218734812
2024-05-01 12:17:55,dht22_humidity,53.531138322049564
2024-05-01 12:17:55,mq2_gas,190.63026605739535
2024-05-01 12:18:00,dht22_temp,23.046225570039294
2024-05-01 12:18:00,dht22_humidity,53.27643411076023
2024-05-01 12:18:00,mq2_gas,201.3017946960181
2024-05-01 12:18:05,dht22_temp,23.166834142794908
2024-05-01 12:18:05,dht22_humidity,53.80032678341091
2024-05-01 12:18:05,mq2_gas,195.87504034799687
2024-05-01 12:18:10,dht22_temp,23.167197645519177
2024-05-01 12:18:10,dht22_humidity,52.90770037856773
2024-05-01 12:18:10,mq2_gas,212.5916902969888
2024-05-01 12:18:15,dht22_temp,23.172714842265876
2024-05-01 12:18:15,dht22_humidity,53.72231766102069
2024-05-01 12:18:15,mq2_gas,201.87878491309786
2024-05-01 12:18:20,dht22_temp,23.01823590780706
2024-05-01 12:18:20,dht22_humidity,53.37966309062261
2024-05-01 12:18:20,mq2_gas,205.01779461825015
2024-05-01 12:18:25,dht22_temp,23.082965573147842
2024-05-01 12:18:25,dht22_humidity,53.69229731810065
2024-05-01 12:18:25,mq2_gas,186.40180493198292
2024-05-01 12:18:30,dht22_temp,23.09184753684099
2024-05-01 12:18:30,dht22_humidity,53.369268509761596
2024-05-01 12:18:30,mq2_gas,189.16663446247728
2024-05-01 12:18:35,dht22_temp,23.047894232714633
2024-05-01 12:18:35,dht22_humidity,52.86946539730094
2024-05-01 12:18:35,mq2_gas,206.98569990406097
2024-05-01 12:18:40,dht22_temp,23.138963323318777
2024-05-01 12:18:40,dht22_humidity,53.851111342927894
2024-05-01 12:18:40,mq2_gas,190.06217825448095
2024-05-01 12:18:45,dht22_temp,22.950402882628417
2024-05-01 12:18:45,dht22_humidity,53.87995621761957
2024-05-01 12:18:45,mq2_gas,175.7626626883045
2024-05-01 12:18:50,dht22_temp,23.054947172124404
2024-05-01 12:18:50,dht22_humidity,54.36295003831361
2024-05-01 12:18:50,mq2_gas,196.88105151484137
2024-05-01 12:18:55,dht22_temp,22.980204200051322
2024-05-01 12:18:55,dht22_humidity,54.194414860017396
2024-05-01 12:18:55,mq2_gas,203.50644067039894
2024-05-01 12:19:00,dht22_temp,23.13259267130833
2024-05-01 12:19:00,dht22_humidity,54.182762263802374
2024-05-01 12:19:00,mq2_gas,193.10242348466156
2024-05-01 12:19:05,dht22_temp,22.97137475329823
2024-05-01 12:19:05,dht22_humidity,54.33206114699132
2024-05-01 12:19:05,mq2_gas,215.5620037499693
2024-05-01 12:19:10,dht22_temp,22.9805906622543
2024-05-01 12:19:10,dht22_humidity,53.77969875610694
2024-05-01 12:19:10,mq2_gas,191.298933798673
2024-05-01 12:19:15,dht22_temp,22.798896193253196
2024-05-01 12:19:15,dht22_humidity,54.53304180825594
2024-05-01 12:19:15,mq2_gas,186.38675710717803
2024-05-01 12:19:20,dht22_temp,22.881886923842558
2024-05-01 12:19:20,dht22_humidity,53.43959027762924
2024-05-01 12:19:20,mq2_gas,188.82011620416975
2024-05-01 12:19:25,dht22_temp,23.059585425278783
2024-05-01 12:19:25,dht22_humidity,53.82860619731924
2024-05-01 12:19:25,mq2_gas,182.5035766326397
2024-05-01 12:19:30,dht22_temp,23.01887526774242
2024-05-01 12:19:30,dht22_humidity,54.367580751024065
2024-05-01 12:19:30,mq2_gas,204.32190013520278
2024-05-01 12:19:35,dht22_temp,23.074209465362582
2024-05-01 12:19:35,dht22_humidity,54.584963863812234
2024-05-01 12:19:35,mq2_gas,187.02239173618173
2024-05-01 12:19:40,dht22_temp,22.987677931217245
2024-05-01 12:19:40,dht22_humidity,54.88752189379517
2024-05-01 12:19:40,mq2_gas,194.170110429388
2024-05-01 12:19:45,dht22_temp,22.857016195200337
2024-05-01 12:19:45,dht22_humidity,55.23397878965687
2024-05-01 12:19:45,mq2_gas,195.847523568155
2024-05-01 12:19:50,dht22_temp,22.961343379777695
2024-05-01 12:19:50,dht22_humidity,54.733007967536736
2024-05-01 12:19:50,mq2_gas,210.3047235750925
2024-05-01 12:19:55,dht22_temp,23.030931484073875
2024-05-01 12:19:55,dht22_humidity,54.59781495297172
2024-05-01 12:19:55,mq2_gas,206.82133345265743
2024-05-01 12:20:00,dht22_temp,23.222373231609076
2024-05-01 12:20:00,dht22_humidity,55.49474456230458
2024-05-01 12:20:00,mq2_gas,206.72871420677987
2024-05-01 12:20:05,dht22_temp,22.89934091291575
2024-05-01 12:20:05,dht22_humidity,56.71030391601476
2024-05-01 12:20:05,mq2_gas,188.0134288132808
2024-05-01 12:20:10,dht22_temp,22.979082195026262
2024-05-01 12:20:10,dht22_humidity,54.5147317943702
2024-05-01 12:20:10,mq2_gas,216.2689186152306
2024-05-01 12:20:15,dht22_temp,23.06377348595884
2024-05-01 12:20:15,dht22_humidity,54.17847549266747
2024-05-01 12:20:15,mq2_gas,202.67587177261225
2024-05-01 12:20:20,dht22_temp,23.082718312061555
2024-05-01 12:20:20,dht22_humidity,54.75710068043357
2024-05-01 12:20:20,mq2_gas,187.79810210685466
2024-05-01 12:20:25,dht22_temp,22.962591432955186
2024-05-01 12:20:25,dht22_humidity,54.71914934693311
2024-05-01 12:20:25,mq2_gas,200.22731528940042
2024-05-01 12:20:30,dht22_temp,22.990956745148047
2024-05-01 12:20:30,dht22_humidity,55.32332989996457
2024-05-01 12:20:30,mq2_gas,190.50052501947155
2024-05-01 12:20:35,dht22_temp,22.878444813443465
2024-05-01 12:20:35,dht22_humidity,54.601071653759256
2024-05-01 12:20:35,mq2_gas,213.48890646381452
2024-05-01 12:20:40,dht22_temp,23.003682970377312
2024-05-01 12:20:40,dht22_humidity,56.1531149290117
2024-05-01 12:20:40,mq2_gas,204.9148423438486
2024-05-01 12:20:45,dht22_temp,22.954746670172508
2024-05-01 12:20:45,dht22_humidity,54.574395464287754
2024-05-01 12:20:45,mq2_gas,202.43372471393815
2024-05-01 12:20:50,dht22_temp,22.964387058445247
2024-05-01 12:20:50,dht22_humidity,56.1845364176383
2024-05-01 12:20:50,mq2_gas,190.0910921910678
2024-05-01 12:20:55,dht22_temp,23.16197508419433
2024-05-01 12:20:55,dht22_humidity,55.7298974479312
2024-05-01 12:20:55,mq2_gas,198.90799592995327
2024-05-01 12:21:00,dht22_temp,23.00678633627663
2024-05-01 12:21:00,dht22_humidity,54.862760010779766
2024-05-01 12:21:00,mq2_gas,203.62216397467407
2024-05-01 12:21:05,dht22_temp,23.207196794088897
2024-05-01 12:21:05,dht22_humidity,55.02398793352647
2024-05-01 12:21:05,mq2_gas,185.99777574019146
2024-05-01 12:21:10,dht22_temp,23.137855237746376
2024-05-01 12:21:10,dht22_humidity,54.65216455756217
2024-05-01 12:21:10,mq2_gas,178.16764162574592
2024-05-01 12:21:15,dht22_temp,23.078614616528156
2024-05-01 12:21:15,dht22_humidity,54.262714618871314
2024-05-01 12:21:15,mq2_gas,205.86854407268513
2024-05-01 12:21:20,dht22_temp,23.358275526065572
2024-05-01 12:21:20,dht22_humidity,55.895301422171165
2024-05-01 12:21:20,mq2_gas,194.26791255551208
2024-05-01 12:21:25,dht22_temp,23.13334246085425
2024-05-01 12:21:25,dht22_humidity,55.29419668975527
2024-05-01 12:21:25,mq2_gas,210.61285612072862
2024-05-01 12:21:30,dht22_temp,23.15515882941132
2024-05-01 12:21:30,dht22_humidity,54.859275349826774
2024-05-01 12:21:30,mq2_gas,222.06929349152892
2024-05-01 12:21:35,dht22_temp,23.20395948925481
2024-05-01 12:21:35,dht22_humidity,54.665638766359585
2024-05-01 12:21:35,mq2_gas,201.19913983874957
2024-05-01 12:21:40,dht22_temp,23.29106092477268
2024-05-01 12:21:40,dht22_humidity,54.37211720003083
2024-05-01 12:21:40,mq2_gas,197.51597194329779
2024-05-01 12:21:45,dht22_temp,23.135547414270107
2024-05-01 12:21:45,dht22_humidity,54.71539331564088
2024-05-01 12:21:45,mq2_gas,218.76924528780103
2024-05-01 12:21:50,dht22_temp,23.34614758489664
2024-05-01 12:21:50,dht22_humidity,54.77680651062176
2024-05-01 12:21:50,mq2_gas,190.6688797441363
2024-05-01 12:21:55,dht22_temp,23.261317648782995
2024-05-01 12:21:55,dht22_humidity,55.313983576606596
2024-05-01 12:21:55,mq2_gas,194.38313189699332
2024-05-01 12:22:00,dht22_temp,23.45866658203918
2024-05-01 12:22:00,dht22_humidity,54.06434478216173
2024-05-01 12:22:00,mq2_gas,197.09953706714793
2024-05-01 12:22:05,dht22_temp,23.50974154888062
2024-05-01 12:22:05,dht22_humidity,53.706820300131625
2024-05-01 12:22:05,mq2_gas,211.8841315734982
2024-05-01 12:22:10,dht22_temp,23.172833799113462
2024-05-01 12:22:10,dht22_humidity,54.62233242702956
2024-05-01 12:22:10,mq2_gas,198.27465261588918
2024-05-01 12:22:15,dht22_temp,23.46356403617794
2024-05-01 12:22:15,dht22_humidity,53.04381648761489
2024-05-01 12:22:15,mq2_gas,180.82190187148703
2024-05-01 12:22:20,dht22_temp,23.348343762813215
2024-05-01 12:22:20,dht22_humidity,54.59036326131459
2024-05-01 12:22:20,mq2_gas,191.06783145540885
2024-05-01 12:22:25,dht22_temp,23.40730740016712
2024-05-01 12:22:25,dht22_humidity,53.92679953975489
2024-05-01 12:22:25,mq2_gas,195.98727032728212
2024-05-01 12:22:30,dht22_temp,23.369794410019008
2024-05-01 12:22:30,dht22_humidity,54.58704237395225
2024-05-01 12:22:30,mq2_gas,205.81419850242685
2024-05-01 12:22:35,dht22_temp,23.62345914921758
2024-05-01 12:22:35,dht22_humidity,54.07917755163838
2024-05-01 12:22:35,mq2_gas,196.82008176747675
2024-05-01 12:22:40,dht22_temp,23.51124371700861
2024-05-01 12:22:40,dht22_humidity,54.199527818203734
2024-05-01 12:22:40,mq2_gas,199.48009452898162
2024-05-01 12:22:45,dht22_temp,23.377151725105865
2024-05-01 12:22:45,dht22_humidity,54.46974876538003
2024-05-01 12:22:45,mq2_gas,190.84808439698762
2024-05-01 12:22:50,dht22_temp,23.465160497559324
2024-05-01 12:22:50,dht22_humidity,53.42401487333972
2024-05-01 12:22:50,mq2_gas,211.610016306614
2024-05-01 12:22:55,dht22_temp,23.574858438729496
2024-05-01 12:22:55,dht22_humidity,54.72439442674646
2024-05-01 12:22:55,mq2_gas,202.72301681848148
2024-05-01 12:23:00,dht22_temp,23.447210364176154
2024-05-01 12:23:00,dht22_humidity,53.536777285179355
2024-05-01 12:23:00,mq2_gas,207.5793197394061
2024-05-01 12:23:05,dht22_temp,23.57015825631798
2024-05-01 12:23:05,dht22_humidity,53.45988153308672
2024-05-01 12:23:05,mq2_gas,198.2062087172771
2024-05-01 12:23:10,dht22_temp,23.6587511737383
2024-05-01 12:23:10,dht22_humidity,53.42304488677166
2024-05-01 12:23:10,mq2_gas,196.73854744386537
2024-05-01 12:23:15,dht22_temp,23.658849388154
2024-05-01 12:23:15,dht22_humidity,52.55545331266026
2024-05-01 12:23:15,mq2_gas,205.02663526953066
2024-05-01 12:23:20,dht22_temp,23.656329227620013
2024-05-01 12:23:20,dht22_humidity,54.42173098409582
2024-05-01 12:23:20,mq2_gas,188.49875764740548
2024-05-01 12:23:25,dht22_temp,23.61077995152769
2024-05-01 12:23:25,dht22_humidity,54.280030562194725
2024-05-01 12:23:25,mq2_gas,184.14944884203663
2024-05-01 12:23:30,dht22_temp,23.736887915473996
2024-05-01 12:23:30,dht22_humidity,53.89929050130191
2024-05-01 12:23:30,mq2_gas,196.70353899945184
2024-05-01 12:23:35,dht22_temp,23.667203480303062
2024-05-01 12:23:35,dht22_humidity,53.606793039588894
2024-05-01 12:23:35,mq2_gas,198.05677088828756
2024-05-01 12:23:40,dht22_temp,23.993848402548835
2024-05-01 12:23:40,dht22_humidity,53.7170572842192
2024-05-01 12:23:40,mq2_gas,230.35714298111554
2024-05-01 12:23:45,dht22_temp,23.734039511206777
2024-05-01 12:23:45,dht22_humidity,53.319714768579736
2024-05-01 12:23:45,mq2_gas,189.33345508966215
2024-05-01 12:23:50,dht22_temp,24.04771051729991
2024-05-01 12:23:50,dht22_humidity,53.64720846044036
2024-05-01 12:23:50,mq2_gas,207.54037826551064
2024-05-01 12:23:55,dht22_temp,23.888535915546605
2024-05-01 12:23:55,dht22_humidity,52.76742843463437
2024-05-01 12:23:55,mq2_gas,179.70320112336498
2024-05-01 12:24:00,dht22_temp,24.17166624795708
2024-05-01 12:24:00,dht22_humidity,53.29586621980943
2024-05-01 12:24:00,mq2_gas,197.39140049480412
2024-05-01 12:24:05,dht22_temp,24.12891459086404
2024-05-01 12:24:05,dht22_humidity,53.31706569246912
2024-05-01 12:24:05,mq2_gas,209.7526419473747
2024-05-01 12:24:10,dht22_temp,23.908441896713835
2024-05-01 12:24:10,dht22_humidity,52.482702894945106
2024-05-01 12:24:10,mq2_gas,201.95441981067546
2024-05-01 12:24:15,dht22_temp,24.141942009710146
2024-05-01 12:24:15,dht22_humidity,53.21447656985181
2024-05-01 12:24:15,mq2_gas,189.91364449745464
2024-05-01 12:24:20,dht22_temp,24.155082490910985
2024-05-01 12:24:20,dht22_humidity,53.7330644828938
2024-05-01 12:24:20,mq2_gas,206.9192197761079
2024-05-01 12:24:25,dht22_temp,24.265722591822065
2024-05-01 12:24:25,dht22_humidity,52.51367849393143
2024-05-01 12:24:25,mq2_gas,207.6762701301947
2024-05-01 12:24:30,dht22_temp,24.395698530686868
2024-05-01 12:24:30,dht22_humidity,52.46790070191186
2024-05-01 12:24:30,mq2_gas,212.2397840482734
2024-05-01 12:24:35,dht22_temp,24.164732732506383
2024-05-01 12:24:35,dht22_humidity,52.599427637090166
2024-05-01 12:24:35,mq2_gas,209.04216675196963
2024-05-01 12:24:40,dht22_temp,24.214292542098093
2024-05-01 12:24:40,dht22_humidity,52.741798737146404
2024-05-01 12:24:40,mq2_gas,193.24753403966918
2024-05-01 12:24:45,dht22_temp,24.246499357329007
2024-05-01 12:24:45,dht22_humidity,52.07912845739458
2024-05-01 12:24:45,mq2_gas,219.31989742976572
2024-05-01 12:24:50,dht22_temp,24.395738163163212
2024-05-01 12:24:50,dht22_humidity,52.43330525885194
2024-05-01 12:24:50,mq2_gas,192.68202278689898
2024-05-01 12:24:55,dht22_temp,24.410626260587094
2024-05-01 12:24:55,dht22_humidity,51.261594598643285
2024-05-01 12:24:55,mq2_gas,194.2889362666088
2024-05-01 12:25:00,dht22_temp,24.524733070481368
2024-05-01 12:25:00,dht22_humidity,51.713977936219585
2024-05-01 12:25:00,mq2_gas,214.5129634214403
2024-05-01 12:25:05,dht22_temp,24.459443373017994
2024-05-01 12:25:05,dht22_humidity,51.516429252026306
2024-05-01 12:25:05,mq2_gas,212.7668154773354
2024-05-01 12:25:10,dht22_temp,24.453547499170362
2024-05-01 12:25:10,dht22_humidity,50.73672596875345
2024-05-01 12:25:10,mq2_gas,213.0127692078854
2024-05-01 12:25:15,dht22_temp,24.59874469983757
2024-05-01 12:25:15,dht22_humidity,50.29428652234233
2024-05-01 12:25:15,mq2_gas,200.44529321369185
2024-05-01 12:25:20,dht22_temp,24.55604103856941
2024-05-01 12:25:20,dht22_humidity,52.12871904297092
2024-05-01 12:25:20,mq2_gas,192.71008586781625
2024-05-01 12:25:25,dht22_temp,24.577598185883453
2024-05-01 12:25:25,dht22_humidity,50.67972887184058
2024-05-01 12:25:25,mq2_gas,189.45943913340062
2024-05-01 12:25:30,dht22_temp,24.60502637750089
2024-05-01 12:25:30,dht22_humidity,50.29488782314166
2024-05-01 12:25:30,mq2_gas,189.6880261872789
2024-05-01 12:25:35,dht22_temp,24.553948389298707
2024-05-01 12:25:35,dht22_humidity,50.14149847931568
2024-05-01 12:25:35,mq2_gas,184.40324968732563
2024-05-01 12:25:40,dht22_temp,24.702136116360837
2024-05-01 12:25:40,dht22_humidity,50.42502503739545
2024-05-01 12:25:40,mq2_gas,187.73529602358255
2024-05-01 12:25:45,dht22_temp,24.84182249003176
2024-05-01 12:25:45,dht22_humidity,50.6190835723636
2024-05-01 12:25:45,mq2_gas,195.68024047491213
2024-05-01 12:25:50,dht22_temp,24.787423866458997
2024-05-01 12:25:50,dht22_humidity,51.315411566894184
2024-05-01 12:25:50,mq2_gas,202.398141078775
2024-05-01 12:25:55,dht22_temp,24.92125128820624
2024-05-01 12:25:55,dht22_humidity,49.10147774663289
2024-05-01 12:25:55,mq2_gas,193.46265510595472
2024-05-01 12:26:00,dht22_temp,24.696555551181955
2024-05-01 12:26:00,dht22_humidity,50.05667493922199
2024-05-01 12:26:00,mq2_gas,203.73310146342922
2024-05-01 12:26:05,dht22_temp,24.886203763305495
2024-05-01 12:26:05,dht22_humidity,50.40419230026896
2024-05-01 12:26:05,mq2_gas,189.7725002494463
2024-05-01 12:26:10,dht22_temp,25.05120971116848
2024-05-01 12:26:10,dht22_humidity,49.2431034519535
2024-05-01 12:26:10,mq2_gas,197.38311748691706
2024-05-01 12:26:15,dht22_temp,25.075608520771084
2024-05-01 12:26:15,dht22_humidity,50.162876301576475
2024-05-01 12:26:15,mq2_gas,198.72736637108983
2024-05-01 12:26:20,dht22_temp,25.26758418181471
2024-05-01 12:26:20,dht22_humidity,49.562779453311215
2024-05-01 12:26:20,mq2_gas,195.49004257530675
2024-05-01 12:26:25,dht22_temp,24.837617518048024
2024-05-01 12:26:25,dht22_humidity,50.52967349751735
2024-05-01 12:26:25,mq2_gas,196.3100170882463
2024-05-01 12:26:30,dht22_temp,25.03587679901334
2024-05-01 12:26:30,dht22_humidity,50.18109775664525
2024-05-01 12:26:30,mq2_gas,212.35506123475665
2024-05-01 12:26:35,dht22_temp,25.20415960571944
2024-05-01 12:26:35,dht22_humidity,48.678923277566476
2024-05-01 12:26:35,mq2_gas,204.18976050928464
2024-05-01 12:26:40,dht22_temp,25.170959210856687
2024-05-01 12:26:40,dht22_humidity,48.6871139332748
2024-05-01 12:26:40,mq2_gas,210.4337236714352
2024-05-01 12:26:45,dht22_temp,25.059517331244574
2024-05-01 12:26:45,dht22_humidity,49.432651892641054
2024-05-01 12:26:45,mq2_gas,204.5935509657016
2024-05-01 12:26:50,dht22_temp,25.517446643398692
2024-05-01 12:26:50,dht22_humidity,49.18875941625916
2024-05-01 12:26:50,mq2_gas,179.41568508836264
2024-05-01 12:26:55,dht22_temp,25.268177553471897
2024-05-01 12:26:55,dht22_humidity,48.936216807871496
2024-05-01 12:26:55,mq2_gas,203.55563643609784
2024-05-01 12:27:00,dht22_temp,25.48917463783546
2024-05-01 12:27:00,dht22_humidity,47.80244135028151
2024-05-01 12:27:00,mq2_gas,196.70050312799938
2024-05-01 12:27:05,dht22_temp,25.527226070785886
2024-05-01 12:27:05,dht22_humidity,49.433421049036525
2024-05-01 12:27:05,mq2_gas,218.61023823312627
2024-05-01 12:27:10,dht22_temp,25.43019291415971
2024-05-01 12:27:10,dht22_humidity,49.09023225834608
2024-05-01 12:27:10,mq2_gas,217.11712342408794
2024-05-01 12:27:15,dht22_temp,25.627808960279328
2024-05-01 12:27:15,dht22_humidity,48.78417729883916
2024-05-01 12:27:15,mq2_gas,208.2779692780902
2024-05-01 12:27:20,dht22_temp,25.467597558793862
2024-05-01 12:27:20,dht22_humidity,47.5806008095736
2024-05-01 12:27:20,mq2_gas,209.82847928640018
2024-05-01 12:27:25,dht22_temp,25.55024466402146
2024-05-01 12:27:25,dht22_humidity,48.17310973572003
2024-05-01 12:27:25,mq2_gas,194.21279948085626
2024-05-01 12:27:30,dht22_temp,25.583792042841786
2024-05-01 12:27:30,dht22_humidity,48.187635010081834
2024-05-01 12:27:30,mq2_gas,189.78140625808362
2024-05-01 12:27:35,dht22_temp,25.667814885602297
2024-05-01 12:27:35,dht22_humidity,48.07957693653444
2024-05-01 12:27:35,mq2_gas,199.22644579211266
2024-05-01 12:27:40,dht22_temp,25.62421968388803
2024-05-01 12:27:40,dht22_humidity,48.23642570190608
2024-05-01 12:27:40,mq2_gas,218.72636963993298
2024-05-01 12:27:45,dht22_temp,25.675796725164126
2024-05-01 12:27:45,dht22_humidity,48.34826145911881
2024-05-01 12:27:45,mq2_gas,208.89264059279424
2024-05-01 12:27:50,dht22_temp,25.507639847234692
2024-05-01 12:27:50,dht22_humidity,47.23976527486024
2024-05-01 12:27:50,mq2_gas,193.6415969541472
2024-05-01 12:27:55,dht22_temp,25.887876996311313
2024-05-01 12:27:55,dht22_humidity,47.605425752467255
2024-05-01 12:27:55,mq2_gas,204.74398089469508
2024-05-01 12:28:00,dht22_temp,25.909738681073122
2024-05-01 12:28:00,dht22_humidity,46.95409837199541
2024-05-01 12:28:00,mq2_gas,192.53450048498976
2024-05-01 12:28:05,dht22_temp,25.759894418031074
2024-05-01 12:28:05,dht22_humidity,47.21241903970739
2024-05-01 12:28:05,mq2_gas,198.80896793338113
2024-05-01 12:28:10,dht22_temp,25.935023505455348
2024-05-01 12:28:10,dht22_humidity,46.829587076928746
2024-05-01 12:28:10,mq2_gas,209.0652459814306
2024-05-01 12:28:15,dht22_temp,26.044966563851986
2024-05-01 12:28:15,dht22_humidity,47.86394097795227
2024-05-01 12:28:15,mq2_gas,207.1130789539702
2024-05-01 12:28:20,dht22_temp,26.00677782612415
2024-05-01 12:28:20,dht22_humidity,47.32615247300221
2024-05-01 12:28:20,mq2_gas,206.09751789253198
2024-05-01 12:28:25,dht22_temp,25.957621154801352
2024-05-01 12:28:25,dht22_humidity,47.53577325960361
2024-05-01 12:28:25,mq2_gas,217.1851815216486
2024-05-01 12:28:30,dht22_temp,26.254664797926846
2024-05-01 12:28:30,dht22_humidity,46.8117765188752
2024-05-01 12:28:30,mq2_gas,203.24270443298104
2024-05-01 12:28:35,dht22_temp,26.132349430332752
2024-05-01 12:28:35,dht22_humidity,46.69797750171122
2024-05-01 12:28:35,mq2_gas,206.1928876621379
2024-05-01 12:28:40,dht22_temp,26.111903346720762
2024-05-01 12:28:40,dht22_humidity,46.509508061525864
2024-05-01 12:28:40,mq2_gas,217.5898216898663
2024-05-01 12:28:45,dht22_temp,26.17335107276659
2024-05-01 12:28:45,dht22_humidity,46.549175233708446
2024-05-01 12:28:45,mq2_gas,208.82019277032455
2024-05-01 12:28:50,dht22_temp,26.20430828560959
2024-05-01 12:28:50,dht22_humidity,46.57292922429117
2024-05-01 12:28:50,mq2_gas,199.36435823520995
2024-05-01 12:28:55,dht22_temp,26.09915310659843
2024-05-01 12:28:55,dht22_humidity,46.325313135202535
2024-05-01 12:28:55,mq2_gas,188.63115238085055
2024-05-01 12:29:00,dht22_temp,26.273641183212398
2024-05-01 12:29:00,dht22_humidity,45.6660476654133
2024-05-01 12:29:00,mq2_gas,209.16709131549928
2024-05-01 12:29:05,dht22_temp,26.358479808309752
2024-05-01 12:29:05,dht22_humidity,46.31528807598163
2024-05-01 12:29:05,mq2_gas,198.99866122310593
2024-05-01 12:29:10,dht22_temp,26.355603325391076
2024-05-01 12:29:10,dht22_humidity,45.11327241334218
2024-05-01 12:29:10,mq2_gas,189.03180103301665
2024-05-01 12:29:15,dht22_temp,26.328991165054326
2024-05-01 12:29:15,dht22_humidity,46.19153894653212
2024-05-01 12:29:15,mq2_gas,199.2060422779715
2024-05-01 12:29:20,dht22_temp,26.27275724357685
2024-05-01 12:29:20,dht22_humidity,46.011257947002264
2024-05-01 12:29:20,mq2_gas,195.46299577531124
2024-05-01 12:29:25,dht22_temp,26.295163050131485
2024-05-01 12:29:25,dht22_humidity,46.03744617082241
2024-05-01 12:29:25,mq2_gas,197.90021793628978
2024-05-01 12:29:30,dht22_temp,26.54991477868836
2024-05-01 12:29:30,dht22_humidity,46.13620086151975
2024-05-01 12:29:30,mq2_gas,207.3467133384647
2024-05-01 12:29:35,dht22_temp,26.490104742602355
2024-05-01 12:29:35,dht22_humidity,45.31420822081925
2024-05-01 12:29:35,mq2_gas,190.64372857871652
2024-05-01 12:29:40,dht22_temp,26.337910733822497
2024-05-01 12:29:40,dht22_humidity,47.11233020257624
2024-05-01 12:29:40,mq2_gas,189.205552108473
2024-05-01 12:29:45,dht22_temp,26.49053783266856
2024-05-01 12:29:45,dht22_humidity,45.43136045961066
2024-05-01 12:29:45,mq2_gas,197.18902378571926
2024-05-01 12:29:50,dht22_temp,26.47900584974887
2024-05-01 12:29:50,dht22_humidity,44.618856341476764
2024-05-01 12:29:50,mq2_gas,190.01806262506807
2024-05-01 12:29:55,dht22_temp,26.423618887768573
2024-05-01 12:29:55,dht22_humidity,45.43389190666439
2024-05-01 12:29:55,mq2_gas,193.158005946482
2024-05-01 12:30:00,dht22_temp,26.518617701808946
2024-05-01 12:30:00,dht22_humidity,45.552288313400815
2024-05-01 12:30:00,mq2_gas,194.17214921141743
2024-05-01 12:30:05,dht22_temp,26.704560115145608
2024-05-01 12:30:05,dht22_humidity,45.201172919613114
2024-05-01 12:30:05,mq2_gas,202.25156728224007
2024-05-01 12:30:10,dht22_temp,26.502191484653075
2024-05-01 12:30:10,dht22_humidity,45.675491881228325
2024-05-01 12:30:10,mq2_gas,195.94816607280725
2024-05-01 12:30:15,dht22_temp,26.698313553108697
2024-05-01 12:30:15,dht22_humidity,45.467758451611076
2024-05-01 12:30:15,mq2_gas,198.26556844254065
2024-05-01 12:30:20,dht22_temp,26.701235291727453
2024-05-01 12:30:20,dht22_humidity,45.06874377136805
2024-05-01 12:30:20,mq2_gas,213.46109750341253
2024-05-01 12:30:25,dht22_temp,26.79430212672556
2024-05-01 12:30:25,dht22_humidity,45.464236717126056
2024-05-01 12:30:25,mq2_gas,188.19859584946656
2024-05-01 12:30:30,dht22_temp,26.611644210239724
2024-05-01 12:30:30,dht22_humidity,44.85564187542796
2024-05-01 12:30:30,mq2_gas,197.54997456445702
2024-05-01 12:30:35,dht22_temp,26.786389270281116
2024-05-01 12:30:35,dht22_humidity,44.70689441962445
2024-05-01 12:30:35,mq2_gas,211.7707407134357
2024-05-01 12:30:40,dht22_temp,26.761263501710154
2024-05-01 12:30:40,dht22_humidity,44.11939100562848
2024-05-01 12:30:40,mq2_gas,195.24682886940744
2024-05-01 12:30:45,dht22_temp,26.520997468252542
2024-05-01 12:30:45,dht22_humidity,44.723582316218874
2024-05-01 12:30:45,mq2_gas,194.50872150546996
2024-05-01 12:30:50,dht22_temp,26.736375178166263
2024-05-01 12:30:50,dht22_humidity,44.91354736153471
2024-05-01 12:30:50,mq2_gas,196.05898185117812
2024-05-01 12:30:55,dht22_temp,26.755224008674237
2024-05-01 12:30:55,dht22_humidity,45.80722728257432
2024-05-01 12:30:55,mq2_gas,212.1490224763244
2024-05-01 12:31:00,dht22_temp,26.716868815983194
2024-05-01 12:31:00,dht22_humidity,45.66582332199369
2024-05-01 12:31:00,mq2_gas,183.78632518119437
2024-05-01 12:31:05,dht22_temp,26.765314705579332
2024-05-01 12:31:05,dht22_humidity,45.78746483452445
2024-05-01 12:31:05,mq2_gas,177.6044666191604
2024-05-01 12:31:10,dht22_temp,26.91923884398752
2024-05-01 12:31:10,dht22_humidity,44.38722578739407
2024-05-01 12:31:10,mq2_gas,198.5599987519709
2024-05-01 12:31:15,dht22_temp,26.85797963247919
2024-05-01 12:31:15,dht22_humidity,45.85479544029607
2024-05-01 12:31:15,mq2_gas,191.8939655851642
2024-05-01 12:31:20,dht22_temp,26.882587736111635
2024-05-01 12:31:20,dht22_humidity,45.315044697616564
2024-05-01 12:31:20,mq2_gas,197.48222508536762
2024-05-01 12:31:25,dht22_temp,26.820016052137674
2024-05-01 12:31:25,dht22_humidity,44.97040023332754
2024-05-01 12:31:25,mq2_gas,200.9351148585757
2024-05-01 12:31:30,dht22_temp,27.002600994831738
2024-05-01 12:31:30,dht22_humidity,44.53006412104734
2024-05-01 12:31:30,mq2_gas,195.50869486511948
2024-05-01 12:31:35,dht22_temp,26.957696734361566
2024-05-01 12:31:35,dht22_humidity,44.922720589137
2024-05-01 12:31:35,mq2_gas,198.14719769018558
2024-05-01 12:31:40,dht22_temp,26.93413903373056
2024-05-01 12:31:40,dht22_humidity,44.666219474899655
2024-05-01 12:31:40,mq2_gas,192.003095983673
2024-05-01 12:31:45,dht22_temp,26.989574930650974
2024-05-01 12:31:45,dht22_humidity,44.47754008452605
2024-05-01 12:31:45,mq2_gas,211.65383851207574
2024-05-01 12:31:50,dht22_temp,26.976116798011304
2024-05-01 12:31:50,dht22_humidity,44.40087965376919
2024-05-01 12:31:50,mq2_gas,202.8302699571526
2024-05-01 12:31:55,dht22_temp,26.979216832037288
2024-05-01 12:31:55,dht22_humidity,45.43739132971975
2024-05-01 12:31:55,mq2_gas,211.58849571845005
2024-05-01 12:32:00,dht22_temp,26.933164756576655
2024-05-01 12:32:00,dht22_humidity,44.72267936717612
2024-05-01 12:32:00,mq2_gas,193.94018456112406
2024-05-01 12:32:05,dht22_temp,26.87822762487391
2024-05-01 12:32:05,dht22_humidity,44.72666701009988
2024-05-01 12:32:05,mq2_gas,202.84502437611343
2024-05-01 12:32:10,dht22_temp,26.983602340410464
2024-05-01 12:32:10,dht22_humidity,44.88059877300859
2024-05-01 12:32:10,mq2_gas,192.61744189217586
2024-05-01 12:32:15,dht22_temp,27.02181087357798
2024-05-01 12:32:15,dht22_humidity,44.904913171429314
2024-05-01 12:32:15,mq2_gas,189.5984325722692
2024-05-01 12:32:20,dht22_temp,26.976006465959095
2024-05-01 12:32:20,dht22_humidity,45.05592880179597
2024-05-01 12:32:20,mq2_gas,189.29958706903315
2024-05-01 12:32:25,dht22_temp,27.077246849406674
2024-05-01 12:32:25,dht22_humidity,45.64665197244183
2024-05-01 12:32:25,mq2_gas,200.40893684510522
2024-05-01 12:32:30,dht22_temp,27.010190727640115
2024-05-01 12:32:30,dht22_humidity,45.52575502998332
2024-05-01 12:32:30,mq2_gas,199.6907752773641
2024-05-01 12:32:35,dht22_temp,27.08797458413332
2024-05-01 12:32:35,dht22_humidity,46.131521477717484
2024-05-01 12:32:35,mq2_gas,200.80493042526135
2024-05-01 12:32:40,dht22_temp,27.043829859493645
2024-05-01 12:32:40,dht22_humidity,45.78459447345691
2024-05-01 12:32:40,mq2_gas,196.61957193201314
2024-05-01 12:32:45,dht22_temp,26.887133327660525
2024-05-01 12:32:45,dht22_humidity,45.84812788192473
2024-05-01 12:32:45,mq2_gas,184.3123564325374
2024-05-01 12:32:50,dht22_temp,27.178206751819754
2024-05-01 12:32:50,dht22_humidity,45.88048091865162
2024-05-01 12:32:50,mq2_gas,201.87691169510325
2024-05-01 12:32:55,dht22_temp,27.002992277070394
2024-05-01 12:32:55,dht22_humidity,46.37392647033512
2024-05-01 12:32:55,mq2_gas,190.53774043226292
2024-05-01 12:33:00,dht22_temp,26.879623812073785
2024-05-01 12:33:00,dht22_humidity,45.25497627451713
2024-05-01 12:33:00,mq2_gas,197.3820251592978
2024-05-01 12:33:05,dht22_temp,26.89195847783818
2024-05-01 12:33:05,dht22_humidity,45.68955009188306
2024-05-01 12:33:05,mq2_gas,201.3594494734275
2024-05-01 12:33:10,dht22_temp,26.9073849152575
2024-05-01 12:33:10,dht22_humidity,46.47546316950642
2024-05-01 12:33:10,mq2_gas,186.07926060121997
2024-05-01 12:33:15,dht22_temp,26.856468090633864
2024-05-01 12:33:15,dht22_humidity,45.92601779597943
2024-05-01 12:33:15,mq2_gas,197.92517115755356
2024-05-01 12:33:20,dht22_temp,27.020489178738842
2024-05-01 12:33:20,dht22_humidity,45.49515704414886
2024-05-01 12:33:20,mq2_gas,189.6666022198249
2024-05-01 12:33:25,dht22_temp,26.9079468024037
2024-05-01 12:33:25,dht22_humidity,45.532151237555844
2024-05-01 12:33:25,mq2_gas,205.2499600833457
2024-05-01 12:33:30,dht22_temp,26.91750099675434
2024-05-01 12:33:30,dht22_humidity,46.326549263909854
2024-05-01 12:33:30,mq2_gas,205.88075345804938
2024-05-01 12:33:35,dht22_temp,27.06176597522754
2024-05-01 12:33:35,dht22_humidity,46.47061249540151
2024-05-01 12:33:35,mq2_gas,207.84352823957246
2024-05-01 12:33:40,dht22_temp,27.026118092309858
2024-05-01 12:33:40,dht22_humidity,45.83881296439197
2024-05-01 12:33:40,mq2_gas,197.38115858259712
2024-05-01 12:33:45,dht22_temp,26.75676690810423
2024-05-01 12:33:45,dht22_humidity,46.32237964678563
2024-05-01 12:33:45,mq2_gas,193.26234086509965
2024-05-01 12:33:50,dht22_temp,26.969805108421237
2024-05-01 12:33:50,dht22_humidity,46.52198123212607
2024-05-01 12:33:50,mq2_gas,186.4790629540467
2024-05-01 12:33:55,dht22_temp,26.817365731186374
2024-05-01 12:33:55,dht22_humidity,46.167639330661714
2024-05-01 12:33:55,mq2_gas,194.82399344368056
2024-05-01 12:34:00,dht22_temp,26.923783317714697
2024-05-01 12:34:00,dht22_humidity,45.8509598565578
2024-05-01 12:34:00,mq2_gas,200.47178332155275
2024-05-01 12:34:05,dht22_temp,26.725801569542863
2024-05-01 12:34:05,dht22_humidity,45.43970776535414
2024-05-01 12:34:05,mq2_gas,207.16663639595578
2024-05-01 12:34:10,dht22_temp,26.75092976444794
2024-05-01 12:34:10,dht22_humidity,46.32807189383061
2024-05-01 12:34:10,mq2_gas,185.8263706314945
2024-05-01 12:34:15,dht22_temp,26.726632464628416
2024-05-01 12:34:15,dht22_humidity,46.50149014068121
2024-05-01 12:34:15,mq2_gas,195.89871626717522
2024-05-01 12:34:20,dht22_temp,26.95108970423733
2024-05-01 12:34:20,dht22_humidity,47.02062391748199
2024-05-01 12:34:20,mq2_gas,197.3888146266904
2024-05-01 12:34:25,dht22_temp,26.913169683725513
2024-05-01 12:34:25,dht22_humidity,47.451096990780385
2024-05-01 12:34:25,mq2_gas,204.11297981876632
2024-05-01 12:34:30,dht22_temp,26.780605120508902
2024-05-01 12:34:30,dht22_humidity,47.50101542626878
2024-05-01 12:34:30,mq2_gas,217.68521626106096
2024-05-01 12:34:35,dht22_temp,26.87039709938376
2024-05-01 12:34:35,dht22_humidity,47.977825970332326
2024-05-01 12:34:35,mq2_gas,209.26598916663735
2024-05-01 12:34:40,dht22_temp,26.87161474563716
2024-05-01 12:34:40,dht22_humidity,46.649985470405
2024-05-01 12:34:40,mq2_gas,188.86450654028243
2024-05-01 12:34:45,dht22_temp,26.763451090937323
2024-05-01 12:34:45,dht22_humidity,46.46469388814428
2024-05-01 12:34:45,mq2_gas,194.07046187009524
2024-05-01 12:34:50,dht22_temp,26.836096394706054
2024-05-01 12:34:50,dht22_humidity,47.0728768212014
2024-05-01 12:34:50,mq2_gas,205.33191018655776
2024-05-01 12:34:55,dht22_temp,26.59450105977446
2024-05-01 12:34:55,dht22_humidity,47.26628732319596
2024-05-01 12:34:55,mq2_gas,210.23440429417323
2024-05-01 12:35:00,dht22_temp,26.73004905986509
2024-05-01 12:35:00,dht22_humidity,47.767456623608965
2024-05-01 12:35:00,mq2_gas,217.0472383159463
2024-05-01 12:35:05,dht22_temp,26.817766176834002
2024-05-01 12:35:05,dht22_humidity,47.29458041215521
2024-05-01 12:35:05,mq2_gas,213.17898616503638
2024-05-01 12:35:10,dht22_temp,26.604774212906047
2024-05-01 12:35:10,dht22_humidity,47.83632424679458
2024-05-01 12:35:10,mq2_gas,200.15213084468817
2024-05-01 12:35:15,dht22_temp,26.751148951210556
2024-05-01 12:35:15,dht22_humidity,47.39394287371721
2024-05-01 12:35:15,mq2_gas,204.51860884042085
2024-05-01 12:35:20,dht22_temp,26.673135199780678
2024-05-01 12:35:20,dht22_humidity,48.4790656825598
2024-05-01 12:35:20,mq2_gas,197.89614202673172
2024-05-01 12:35:25,dht22_temp,26.69731544858409
2024-05-01 12:35:25,dht22_humidity,47.83347402550142
2024-05-01 12:35:25,mq2_gas,211.47058746768306
2024-05-01 12:35:30,dht22_temp,26.607799987074884
2024-05-01 12:35:30,dht22_humidity,47.6062732035042
2024-05-01 12:35:30,mq2_gas,204.0792033834151
2024-05-01 12:35:35,dht22_temp,26.565479165257827
2024-05-01 12:35:35,dht22_humidity,48.24661361372705
2024-05-01 12:35:35,mq2_gas,192.63746393968478
2024-05-01 12:35:40,dht22_temp,26.497883146955242
2024-05-01 12:35:40,dht22_humidity,47.82247508479612
2024-05-01 12:35:40,mq2_gas,216.90719464084123
2024-05-01 12:35:45,dht22_temp,26.38281955820298
2024-05-01 12:35:45,dht22_humidity,48.33293407642584
2024-05-01 12:35:45,mq2_gas,211.44899048058573
2024-05-01 12:35:50,dht22_temp,26.527297280308787
2024-05-01 12:35:50,dht22_humidity,49.144555572855985
2024-05-01 12:35:50,mq2_gas,215.16708451200063
2024-05-01 12:35:55,dht22_temp,26.410139181124666
2024-05-01 12:35:55,dht22_humidity,48.38280237381819
2024-05-01 12:35:55,mq2_gas,208.4426796924079
2024-05-01 12:36:00,dht22_temp,26.49296402049533
2024-05-01 12:36:00,dht22_humidity,48.86490575705097
2024-05-01 12:36:00,mq2_gas,187.3442007666437
2024-05-01 12:36:05,dht22_temp,26.508668667777012
2024-05-01 12:36:05,dht22_humidity,49.43918204302092
2024-05-01 12:36:05,mq2_gas,186.26526078316215
2024-05-01 12:36:10,dht22_temp,26.433612532437195
2024-05-01 12:36:10,dht22_humidity,48.554207963516
2024-05-01 12:36:10,mq2_gas,195.17369558679596
2024-05-01 12:36:15,dht22_temp,26.21360751509531
2024-05-01 12:36:15,dht22_humidity,49.07967298800581
2024-05-01 12:36:15,mq2_gas,191.66688995024174
2024-05-01 12:36:20,dht22_temp,26.234398330555045
2024-05-01 12:36:20,dht22_humidity,49.88498772601876
2024-05-01 12:36:20,mq2_gas,202.94590967057073
2024-05-01 12:36:25,dht22_temp,26.3278752492296
2024-05-01 12:36:25,dht22_humidity,50.193592477239335
2024-05-01 12:36:25,mq2_gas,196.2729749541736
2024-05-01 12:36:30,dht22_temp,26.24175825056751
2024-05-01 12:36:30,dht22_humidity,50.0412839349977
2024-05-01 12:36:30,mq2_gas,217.06738572598846
2024-05-01 12:36:35,dht22_temp,26.291949809734387
2024-05-01 12:36:35,dht22_humidity,50.58791139733759
2024-05-01 12:36:35,mq2_gas,210.18964724458726
2024-05-01 12:36:40,dht22_temp,26.275560927530865
2024-05-01 12:36:40,dht22_humidity,49.129793406980774
2024-05-01 12:36:40,mq2_gas,208.80859194223459
2024-05-01 12:36:45,dht22_temp,26.15845135368602
2024-05-01 12:36:45,dht22_humidity,50.1742145178649
2024-05-01 12:36:45,mq2_gas,194.72744861684728
2024-05-01 12:36:50,dht22_temp,26.061501096031
2024-05-01 12:36:50,dht22_humidity,50.48008460351459
2024-05-01 12:36:50,mq2_gas,208.39975763578505
2024-05-01 12:36:55,dht22_temp,25.920677981529316
2024-05-01 12:36:55,dht22_humidity,50.50576306032209
2024-05-01 12:36:55,mq2_gas,194.39313221352705
2024-05-01 12:37:00,dht22_temp,25.941376135209808
2024-05-01 12:37:00,dht22_humidity,50.71749127196759
2024-05-01 12:37:00,mq2_gas,196.71282168104827
2024-05-01 12:37:05,dht22_temp,25.936138044848345
2024-05-01 12:37:05,dht22_humidity,50.260740879838195
2024-05-01 12:37:05,mq2_gas,202.8129884865752
2024-05-01 12:37:10,dht22_temp,25.966222383239653
2024-05-01 12:37:10,dht22_humidity,50.223243167166075
2024-05-01 12:37:10,mq2_gas,191.59002370244036
2024-05-01 12:37:15,dht22_temp,25.91377318286136
2024-05-01 12:37:15,dht22_humidity,51.094896578747054
2024-05-01 12:37:15,mq2_gas,189.50285493904755
2024-05-01 12:37:20,dht22_temp,25.945259313174112
2024-05-01 12:37:20,dht22_humidity,50.60302295678732
2024-05-01 12:37:20,mq2_gas,227.27744598699235
2024-05-01 12:37:25,dht22_temp,25.766414623213873
2024-05-01 12:37:25,dht22_humidity,50.742028837202774
2024-05-01 12:37:25,mq2_gas,201.9400337485365
2024-05-01 12:37:30,dht22_temp,25.73399887376727
2024-05-01 12:37:30,dht22_humidity,51.67226386566088
2024-05-01 12:37:30,mq2_gas,218.01416346756778
2024-05-01 12:37:35,dht22_temp,25.748867367330014
2024-05-01 12:37:35,dht22_humidity,51.46540392478596
2024-05-01 12:37:35,mq2_gas,194.82240333716507
2024-05-01 12:37:40,dht22_temp,25.750703794662773
2024-05-01 12:37:40,dht22_humidity,52.2145939256366
2024-05-01 12:37:40,mq2_gas,208.94246197706696
2024-05-01 12:37:45,dht22_temp,25.62306125376627
2024-05-01 12:37:45,dht22_humidity,52.390450555787176
2024-05-01 12:37:45,mq2_gas,211.62061328999815
2024-05-01 12:37:50,dht22_temp,25.724612258359944
2024-05-01 12:37:50,dht22_humidity,51.40565043798255
2024-05-01 12:37:50,mq2_gas,200.65707539735564
2024-05-01 12:37:55,dht22_temp,25.558650130611582
2024-05-01 12:37:55,dht22_humidity,52.085738323459815
2024-05-01 12:37:55,mq2_gas,196.8352890167625
2024-05-01 12:38:00,dht22_temp,25.376666549852125
2024-05-01 12:38:00,dht22_humidity,52.43055585987814
2024-05-01 12:38:00,mq2_gas,201.91453037682984
2024-05-01 12:38:05,dht22_temp,25.669737030576016
2024-05-01 12:38:05,dht22_humidity,52.013653763368005
2024-05-01 12:38:05,mq2_gas,201.88466618914507
2024-05-01 12:38:10,dht22_temp,25.634922561045997
2024-05-01 12:38:10,dht22_humidity,52.388630441852136
2024-05-01 12:38:10,mq2_gas,202.88001730217823
2024-05-01 12:38:15,dht22_temp,25.80612091772277
2024-05-01 12:38:15,dht22_humidity,52.22184845092421
2024-05-01 12:38:15,mq2_gas,201.69185749778413
2024-05-01 12:38:20,dht22_temp,25.61918269831787
2024-05-01 12:38:20,dht22_humidity,52.01401994300078
2024-05-01 12:38:20,mq2_gas,189.59002698514772
2024-05-01 12:38:25,dht22_temp,25.26349294982326
2024-05-01 12:38:25,dht22_humidity,52.792020022158184
2024-05-01 12:38:25,mq2_gas,206.25630744746925
2024-05-01 12:38:30,dht22_temp,25.44160532182866
2024-05-01 12:38:30,dht22_humidity,51.95549559038579
2024-05-01 12:38:30,mq2_gas,210.05859159481886
2024-05-01 12:38:35,dht22_temp,25.447793194880646
2024-05-01 12:38:35,dht22_humidity,52.68906171941918
2024-05-01 12:38:35,mq2_gas,200.3256646595604
2024-05-01 12:38:40,dht22_temp,25.356105011867136
2024-05-01 12:38:40,dht22_humidity,53.02501989891137
2024-05-01 12:38:40,mq2_gas,206.4196966504331
2024-05-01 12:38:45,dht22_temp,25.140300241217624
2024-05-01 12:38:45,dht22_humidity,52.85609191046861
2024-05-01 12:38:45,mq2_gas,187.8752664026127
2024-05-01 12:38:50,dht22_temp,25.2723003949729
2024-05-01 12:38:50,dht22_humidity,53.308626757834446
2024-05-01 12:38:50,mq2_gas,199.01185009191957
2024-05-01 12:38:55,dht22_temp,25.199032809170475
2024-05-01 12:38:55,dht22_humidity,52.36347367098651
2024-05-01 12:38:55,mq2_gas,208.5792526438714
2024-05-01 12:39:00,dht22_temp,25.082738226802945
2024-05-01 12:39:00,dht22_humidity,53.30250719997724
2024-05-01 12:39:00,mq2_gas,211.15369718978582
2024-05-01 12:39:05,dht22_temp,25.013875936125995
2024-05-01 12:39:05,dht22_humidity,53.93082466241997
2024-05-01 12:39:05,mq2_gas,201.2407530951197
2024-05-01 12:39:10,dht22_temp,25.052369866458502
2024-05-01 12:39:10,dht22_humidity,53.702374376099314
2024-05-01 12:39:10,mq2_gas,187.52974417533218
2024-05-01 12:39:15,dht22_temp,25.068966502936366
2024-05-01 12:39:15,dht22_humidity,53.54510990158133
2024-05-01 12:39:15,mq2_gas,210.36276962604936
2024-05-01 12:39:20,dht22_temp,24.947876394097605
2024-05-01 12:39:20,dht22_humidity,53.42050367156319
2024-05-01 12:39:20,mq2_gas,203.6963815265673
2024-05-01 12:39:25,dht22_temp,24.923633706776805
2024-05-01 12:39:25,dht22_humidity,53.100734046157655
2024-05-01 12:39:25,mq2_gas,198.06042270228883
2024-05-01 12:39:30,dht22_temp,25.016375047683272
2024-05-01 12:39:30,dht22_humidity,53.72441780503979
2024-05-01 12:39:30,mq2_gas,191.2954003923227
2024-05-01 12:39:35,dht22_temp,24.92129145959808
2024-05-01 12:39:35,dht22_humidity,52.92514238407863
2024-05-01 12:39:35,mq2_gas,178.79732749374534
2024-05-01 12:39:40,dht22_temp,24.80942856172996
2024-05-01 12:39:40,dht22_humidity,54.02081409613736
2024-05-01 12:39:40,mq2_gas,202.20399211626344
2024-05-01 12:39:45,dht22_temp,24.680787194527095
2024-05-01 12:39:45,dht22_humidity,53.93113259038994
2024-05-01 12:39:45,mq2_gas,186.01266748156826
2024-05-01 12:39:50,dht22_temp,24.752335577754106
2024-05-01 12:39:50,dht22_humidity,53.27225003433308
2024-05-01 12:39:50,mq2_gas,198.50757258320795
2024-05-01 12:39:55,dht22_temp,24.7169589855055
2024-05-01 12:39:55,dht22_humidity,53.27257386246974
2024-05-01 12:39:55,mq2_gas,194.77497074489065
2024-05-01 12:40:00,dht22_temp,24.730161062195545
2024-05-01 12:40:00,dht22_humidity,54.99375373545778
2024-05-01 12:40:00,mq2_gas,184.96039711748378
2024-05-01 12:40:05,dht22_temp,24.64602312333536
2024-05-01 12:40:05,dht22_humidity,53.66704128150764
2024-05-01 12:40:05,mq2_gas,186.54741998091626
2024-05-01 12:40:10,dht22_temp,24.73247868285296
2024-05-01 12:40:10,dht22_humidity,54.682175266495896
2024-05-01 12:40:10,mq2_gas,191.9580570267115
2024-05-01 12:40:15,dht22_temp,24.555784934668964
2024-05-01 12:40:15,dht22_humidity,54.72940808535199
2024-05-01 12:40:15,mq2_gas,201.81292656391838
2024-05-01 12:40:20,dht22_temp,24.719807351113428
2024-05-01 12:40:20,dht22_humidity,54.7689201281158
2024-05-01 12:40:20,mq2_gas,170.07018379571156
2024-05-01 12:40:25,dht22_temp,24.427458770921405
2024-05-01 12:40:25,dht22_humidity,54.152546965204095
2024-05-01 12:40:25,mq2_gas,197.95853222193597
2024-05-01 12:40:30,dht22_temp,24.41944200849693
2024-05-01 12:40:30,dht22_humidity,54.24724275300791
2024-05-01 12:40:30,mq2_gas,189.15082394003994
2024-05-01 12:40:35,dht22_temp,24.516285393724026
2024-05-01 12:40:35,dht22_humidity,54.92060649477473
2024-05-01 12:40:35,mq2_gas,193.29260649737333
2024-05-01 12:40:40,dht22_temp,24.41000724953075
2024-05-01 12:40:40,dht22_humidity,55.0057585036268
2024-05-01 12:40:40,mq2_gas,212.67307461146353
2024-05-01 12:40:45,dht22_temp,24.198871565401088
2024-05-01 12:40:45,dht22_humidity,55.10142430444098
2024-05-01 12:40:45,mq2_gas,193.92211655492952
2024-05-01 12:40:50,dht22_temp,24.38254619863206
2024-05-01 12:40:50,dht22_humidity,54.655629657990346
2024-05-01 12:40:50,mq2_gas,177.28220767359898
2024-05-01 12:40:55,dht22_temp,24.23350915583309
2024-05-01 12:40:55,dht22_humidity,53.89717396568722
2024-05-01 12:40:55,mq2_gas,197.8285057405592
2024-05-01 12:41:00,dht22_temp,24.187394612641945
2024-05-01 12:41:00,dht22_humidity,54.623010581528
2024-05-01 12:41:00,mq2_gas,185.13080114701444
2024-05-01 12:41:05,dht22_temp,24.04520360587135
2024-05-01 12:41:05,dht22_humidity,54.43276102009041
2024-05-01 12:41:05,mq2_gas,197.51891388977546
2024-05-01 12:41:10,dht22_temp,24.24952647367382
2024-05-01 12:41:10,dht22_humidity,55.23795801310644
2024-05-01 12:41:10,mq2_gas,195.27804766510403
2024-05-01 12:41:15,dht22_temp,24.212315982989292
2024-05-01 12:41:15,dht22_humidity,54.224691056932116
2024-05-01 12:41:15,mq2_gas,206.85021317063988
2024-05-01 12:41:20,dht22_temp,24.032022475710267
2024-05-01 12:41:20,dht22_humidity,55.04912390671662
2024-05-01 12:41:20,mq2_gas,206.38462194545716
2024-05-01 12:41:25,dht22_temp,23.946586346299153
2024-05-01 12:41:25,dht22_humidity,55.35069809881438
2024-05-01 12:41:25,mq2_gas,199.90690013767383
2024-05-01 12:41:30,dht22_temp,24.221115809721177
2024-05-01 12:41:30,dht22_humidity,54.81405234648081
2024-05-01 12:41:30,mq2_gas,212.69174836531352
2024-05-01 12:41:35,dht22_temp,24.0104450456954
2024-05-01 12:41:35,dht22_humidity,54.39207983542615
2024-05-01 12:41:35,mq2_gas,213.60622239234644
2024-05-01 12:41:40,dht22_temp,23.80591669785856
2024-05-01 12:41:40,dht22_humidity,53.8729938107019
2024-05-01 12:41:40,mq2_gas,208.53315686011953
2024-05-01 12:41:45,dht22_temp,23.985510094257183
2024-05-01 12:41:45,dht22_humidity,55.02173460644185
2024-05-01 12:41:45,mq2_gas,997.3898068807532
2024-05-01 12:41:50,dht22_temp,24.004088452330684
2024-05-01 12:41:50,dht22_humidity,55.355264059319445
2024-05-01 12:41:50,mq2_gas,993.4413407627226
2024-05-01 12:41:55,dht22_temp,23.886440783499243
2024-05-01 12:41:55,dht22_humidity,54.37816802055381
2024-05-01 12:41:55,mq2_gas,994.4103206230214
2024-05-01 12:42:00,dht22_temp,23.676216364652785
2024-05-01 12:42:00,dht22_humidity,53.897164237485846
2024-05-01 12:42:00,mq2_gas,988.2270745254452
2024-05-01 12:42:05,dht22_temp,23.872091492522244
2024-05-01 12:42:05,dht22_humidity,54.44249800975047
2024-05-01 12:42:05,mq2_gas,994.4996796999679
2024-05-01 12:42:10,dht22_temp,23.602790708074284
2024-05-01 12:42:10,dht22_humidity,55.41532911105405
2024-05-01 12:42:10,mq2_gas,1000.0119744816726
2024-05-01 12:42:15,dht22_temp,23.73750440764351
2024-05-01 12:42:15,dht22_humidity,54.91768474978583
2024-05-01 12:42:15,mq2_gas,988.2897303277813
2024-05-01 12:42:20,dht22_temp,23.561102011168956
2024-05-01 12:42:20,dht22_humidity,55.37405732922189
2024-05-01 12:42:20,mq2_gas,999.425933044829
2024-05-01 12:42:25,dht22_temp,23.70653945563953
2024-05-01 12:42:25,dht22_humidity,53.35592566391872
2024-05-01 12:42:25,mq2_gas,1011.1010873568854
2024-05-01 12:42:30,dht22_temp,23.550853905878434
2024-05-01 12:42:30,dht22_humidity,56.00236585843578
2024-05-01 12:42:30,mq2_gas,194.89244916791822
2024-05-01 12:42:35,dht22_temp,23.574788731113586
2024-05-01 12:42:35,dht22_humidity,55.22176738505073
2024-05-01 12:42:35,mq2_gas,191.24204839689878
2024-05-01 12:42:40,dht22_temp,23.63151805239692
2024-05-01 12:42:40,dht22_humidity,54.541554874059514
2024-05-01 12:42:40,mq2_gas,212.8910308822611
2024-05-01 12:42:45,dht22_temp,23.596429583215368
2024-05-01 12:42:45,dht22_humidity,55.08152546630292
2024-05-01 12:42:45,mq2_gas,192.75805821276933
2024-05-01 12:42:50,dht22_temp,23.469509675569725
2024-05-01 12:42:50,dht22_humidity,54.95018635205206
2024-05-01 12:42:50,mq2_gas,179.66657259456187
2024-05-01 12:42:55,dht22_temp,23.409453450826216
2024-05-01 12:42:55,dht22_humidity,55.23279071686206
2024-05-01 12:42:55,mq2_gas,187.31819227583625
2024-05-01 12:43:00,dht22_temp,23.567201927449357
2024-05-01 12:43:00,dht22_humidity,54.41014259678094
2024-05-01 12:43:00,mq2_gas,203.23257343040493
2024-05-01 12:43:05,dht22_temp,23.29983768549574
2024-05-01 12:43:05,dht22_humidity,54.924083015059836
2024-05-01 12:43:05,mq2_gas,204.6272803082578
2024-05-01 12:43:10,dht22_temp,23.504175577234623
2024-05-01 12:43:10,dht22_humidity,55.31359659527278
2024-05-01 12:43:10,mq2_gas,212.53523691702986
2024-05-01 12:43:15,dht22_temp,23.388007954125563
2024-05-01 12:43:15,dht22_humidity,53.97524944516952
2024-05-01 12:43:15,mq2_gas,213.23765083781024
2024-05-01 12:43:20,dht22_temp,23.213933588248096
2024-05-01 12:43:20,dht22_humidity,54.31787899208311
2024-05-01 12:43:20,mq2_gas,207.3710860904102
2024-05-01 12:43:25,dht22_temp,23.366596076193304
2024-05-01 12:43:25,dht22_humidity,55.27983337846468
2024-05-01 12:43:25,mq2_gas,199.95946573385223
2024-05-01 12:43:30,dht22_temp,23.131797736388364
2024-05-01 12:43:30,dht22_humidity,54.28893634674159
2024-05-01 12:43:30,mq2_gas,201.7406048941303
2024-05-01 12:43:35,dht22_temp,23.244987713134105
2024-05-01 12:43:35,dht22_humidity,55.073290727939884
2024-05-01 12:43:35,mq2_gas,197.52387388520285
2024-05-01 12:43:40,dht22_temp,23.116395825683867
2024-05-01 12:43:40,dht22_humidity,54.53822781512072
2024-05-01 12:43:40,mq2_gas,188.52314783101048
2024-05-01 12:43:45,dht22_temp,23.410597714022757
2024-05-01 12:43:45,dht22_humidity,54.374958934363626
2024-05-01 12:43:45,mq2_gas,185.96715600349938
2024-05-01 12:43:50,dht22_temp,23.329879320267704
2024-05-01 12:43:50,dht22_humidity,55.35696404884794
2024-05-01 12:43:50,mq2_gas,179.95943946962447
2024-05-01 12:43:55,dht22_temp,23.294290346247855
2024-05-01 12:43:55,dht22_humidity,54.34417593055859
2024-05-01 12:43:55,mq2_gas,201.7568029694849
2024-05-01 12:44:00,dht22_temp,23.221077077984706
2024-05-01 12:44:00,dht22_humidity,54.27536262062332
2024-05-01 12:44:00,mq2_gas,193.06995164652855
2024-05-01 12:44:05,dht22_temp,23.311329738534216
2024-05-01 12:44:05,dht22_humidity,53.2793970993023
2024-05-01 12:44:05,mq2_gas,219.58563370279813
2024-05-01 12:44:10,dht22_temp,23.307217878395853
2024-05-01 12:44:10,dht22_humidity,53.283359827341535
2024-05-01 12:44:10,mq2_gas,199.94599868999524
2024-05-01 12:44:15,dht22_temp,23.28139165327104
2024-05-01 12:44:15,dht22_humidity,53.55077566381814
2024-05-01 12:44:15,mq2_gas,198.37591455262714
2024-05-01 12:44:20,dht22_temp,23.08486882543213
2024-05-01 12:44:20,dht22_humidity,54.297482267521175
2024-05-01 12:44:20,mq2_gas,193.9231724687575
2024-05-01 12:44:25,dht22_temp,23.110574748826384
2024-05-01 12:44:25,dht22_humidity,53.8990055771232
2024-05-01 12:44:25,mq2_gas,197.92398287972622
2024-05-01 12:44:30,dht22_temp,23.012120250656217
2024-05-01 12:44:30,dht22_humidity,52.87100764467193
2024-05-01 12:44:30,mq2_gas,184.81743561394276
2024-05-01 12:44:35,dht22_temp,22.96874954243177
2024-05-01 12:44:35,dht22_humidity,52.59217774001705
2024-05-01 12:44:35,mq2_gas,192.73123212077695
2024-05-01 12:44:40,dht22_temp,23.105483294724053
2024-05-01 12:44:40,dht22_humidity,53.38801310217519
2024-05-01 12:44:40,mq2_gas,191.73366918834716
2024-05-01 12:44:45,dht22_temp,22.963161555012633
2024-05-01 12:44:45,dht22_humidity,52.770683543082924
2024-05-01 12:44:45,mq2_gas,186.12101977308998
2024-05-01 12:44:50,dht22_temp,22.931651317948315
2024-05-01 12:44:50,dht22_humidity,53.52892901342045
2024-05-01 12:44:50,mq2_gas,185.9538849312482
2024-05-01 12:44:55,dht22_temp,23.048024164200438
2024-05-01 12:44:55,dht22_humidity,52.765109464054675
2024-05-01 12:44:55,mq2_gas,224.27944486777812
2024-05-01 12:45:00,dht22_temp,22.858434736539557
2024-05-01 12:45:00,dht22_humidity,53.071253744012324
2024-05-01 12:45:00,mq2_gas,196.66249406002254
2024-05-01 12:45:05,dht22_temp,22.95363418677658
2024-05-01 12:45:05,dht22_humidity,53.03081769086992
2024-05-01 12:45:05,mq2_gas,201.5558461727452
2024-05-01 12:45:10,dht22_temp,22.917264065028863
2024-05-01 12:45:10,dht22_humidity,52.98316212683801
2024-05-01 12:45:10,mq2_gas,203.89168578669015
2024-05-01 12:45:15,dht22_temp,23.149299223796017
2024-05-01 12:45:15,dht22_humidity,52.36011889997939
2024-05-01 12:45:15,mq2_gas,214.7044443814555
2024-05-01 12:45:20,dht22_temp,22.99366081835472
2024-05-01 12:45:20,dht22_humidity,51.57051378675444
2024-05-01 12:45:20,mq2_gas,205.23095800724528
2024-05-01 12:45:25,dht22_temp,23.000968472710912
2024-05-01 12:45:25,dht22_humidity,52.009160948247214
2024-05-01 12:45:25,mq2_gas,209.33240343850878
2024-05-01 12:45:30,dht22_temp,22.958545926621742
2024-05-01 12:45:30,dht22_humidity,52.849064313510674
2024-05-01 12:45:30,mq2_gas,199.172988723865
2024-05-01 12:45:35,dht22_temp,23.078119880197548
2024-05-01 12:45:35,dht22_humidity,52.56918266142802
2024-05-01 12:45:35,mq2_gas,204.7316791551453
2024-05-01 12:45:40,dht22_temp,22.898061053560255
2024-05-01 12:45:40,dht22_humidity,52.57672921083349
2024-05-01 12:45:40,mq2_gas,200.21761725027713
2024-05-01 12:45:45,dht22_temp,23.20046863089487
2024-05-01 12:45:45,dht22_humidity,52.242313628757266
2024-05-01 12:45:45,mq2_gas,207.5112623402452
2024-05-01 12:45:50,dht22_temp,22.92353029134657
2024-05-01 12:45:50,dht22_humidity,51.684762062687675
2024-05-01 12:45:50,mq2_gas,200.9671799432933
2024-05-01 12:45:55,dht22_temp,22.883548981580716
2024-05-01 12:45:55,dht22_humidity,51.18636850482301
2024-05-01 12:45:55,mq2_gas,198.91417242099874
2024-05-01 12:46:00,dht22_temp,22.99418619944797
2024-05-01 12:46:00,dht22_humidity,51.75511183315954
2024-05-01 12:46:00,mq2_gas,211.17104134004097
2024-05-01 12:46:05,dht22_temp,22.964115500733232
2024-05-01 12:46:05,dht22_humidity,51.87604570158733
2024-05-01 12:46:05,mq2_gas,198.55364663552044
2024-05-01 12:46:10,dht22_temp,22.987722276795573
2024-05-01 12:46:10,dht22_humidity,51.54471562554888
2024-05-01 12:46:10,mq2_gas,179.32271728470417
2024-05-01 12:46:15,dht22_temp,23.017530510042757
2024-05-01 12:46:15,dht22_humidity,50.976741547179245
2024-05-01 12:46:15,mq2_gas,190.70161460773767
2024-05-01 12:46:20,dht22_temp,22.826762652747007
2024-05-01 12:46:20,dht22_humidity,50.95330354721558
2024-05-01 12:46:20,mq2_gas,181.22563928126928
2024-05-01 12:46:25,dht22_temp,23.107834870134646
2024-05-01 12:46:25,dht22_humidity,50.93324006136379
2024-05-01 12:46:25,mq2_gas,183.1792822387583
2024-05-01 12:46:30,dht22_temp,22.959622471029313
2024-05-01 12:46:30,dht22_humidity,51.30785720100597
2024-05-01 12:46:30,mq2_gas,194.0511653318477
2024-05-01 12:46:35,dht22_temp,23.005794765898465
2024-05-01 12:46:35,dht22_humidity,50.62269386450952
2024-05-01 12:46:35,mq2_gas,198.71723895389428
2024-05-01 12:46:40,dht22_temp,22.871667837352362
2024-05-01 12:46:40,dht22_humidity,50.66095625206776
2024-05-01 12:46:40,mq2_gas,194.41907303788278
2024-05-01 12:46:45,dht22_temp,23.345533779364764
2024-05-01 12:46:45,dht22_humidity,50.45315523895445
2024-05-01 12:46:45,mq2_gas,195.44375407759418
2024-05-01 12:46:50,dht22_temp,23.158294776565786
2024-05-01 12:46:50,dht22_humidity,50.357266913145935
2024-05-01 12:46:50,mq2_gas,202.53342190747756
2024-05-01 12:46:55,dht22_temp,22.982102897422248
2024-05-01 12:46:55,dht22_humidity,51.088248564384045
2024-05-01 12:46:55,mq2_gas,193.72325324580808
2024-05-01 12:47:00,dht22_temp,23.117889109011482
2024-05-01 12:47:00,dht22_humidity,50.75197068939526
2024-05-01 12:47:00,mq2_gas,196.9549507584864
2024-05-01 12:47:05,dht22_temp,23.091946595209333
2024-05-01 12:47:05,dht22_humidity,50.35408988844923
2024-05-01 12:47:05,mq2_gas,206.82681913462403
2024-05-01 12:47:10,dht22_temp,22.99532231110298
2024-05-01 12:47:10,dht22_humidity,50.026578081919084
2024-05-01 12:47:10,mq2_gas,190.54630964417268
2024-05-01 12:47:15,dht22_temp,23.04292394028034
2024-05-01 12:47:15,dht22_humidity,49.48668424090166
2024-05-01 12:47:15,mq2_gas,212.15977850072284
2024-05-01 12:47:20,dht22_temp,23.291000536103304
2024-05-01 12:47:20,dht22_humidity,50.98876768231942
2024-05-01 12:47:20,mq2_gas,199.43449581619842
2024-05-01 12:47:25,dht22_temp,23.06183139427383
2024-05-01 12:47:25,dht22_humidity,49.07665826998475
2024-05-01 12:47:25,mq2_gas,216.07480788984472
2024-05-01 12:47:30,dht22_temp,23.00750512875513
2024-05-01 12:47:30,dht22_humidity,49.27854675758922
2024-05-01 12:47:30,mq2_gas,194.33936954132196
2024-05-01 12:47:35,dht22_temp,23.3524487805899
2024-05-01 12:47:35,dht22_humidity,48.80634270597939
2024-05-01 12:47:35,mq2_gas,211.01663337259765
2024-05-01 12:47:40,dht22_temp,23.325619861135987
2024-05-01 12:47:40,dht22_humidity,49.106042804229865
2024-05-01 12:47:40,mq2_gas,204.65495294764486
2024-05-01 12:47:45,dht22_temp,23.057970683185193
2024-05-01 12:47:45,dht22_humidity,49.0222435548602
2024-05-01 12:47:45,mq2_gas,197.84972944561704
2024-05-01 12:47:50,dht22_temp,22.972156653772085
2024-05-01 12:47:50,dht22_humidity,49.15153909073313
2024-05-01 12:47:50,mq2_gas,203.55166416816175
2024-05-01 12:47:55,dht22_temp,23.07975804560299
2024-05-01 12:47:55,dht22_humidity,48.115875896544665
2024-05-01 12:47:55,mq2_gas,192.50710854630435
2024-05-01 12:48:00,dht22_temp,23.215858543154447
2024-05-01 12:48:00,dht22_humidity,48.54773027097877
2024-05-01 12:48:00,mq2_gas,190.4187576885355
2024-05-01 12:48:05,dht22_temp,23.188364545298302
2024-05-01 12:48:05,dht22_humidity,48.733881135514544
2024-05-01 12:48:05,mq2_gas,195.24751960937056
2024-05-01 12:48:10,dht22_temp,23.299528052110208
2024-05-01 12:48:10,dht22_humidity,48.34638293730019
2024-05-01 12:48:10,mq2_gas,204.57200310105935
2024-05-01 12:48:15,dht22_temp,23.316514372549342
2024-05-01 12:48:15,dht22_humidity,48.77355265012213
2024-05-01 12:48:15,mq2_gas,201.02998528064515
2024-05-01 12:48:20,dht22_temp,23.443246239909623
2024-05-01 12:48:20,dht22_humidity,48.848919778559036
2024-05-01 12:48:20,mq2_gas,185.39524543638439
2024-05-01 12:48:25,dht22_temp,23.46960151245328
2024-05-01 12:48:25,dht22_humidity,49.00049457133214
2024-05-01 12:48:25,mq2_gas,190.27470872042193
2024-05-01 12:48:30,dht22_temp,23.397923137376242
2024-05-01 12:48:30,dht22_humidity,47.815368042406256
2024-05-01 12:48:30,mq2_gas,204.40833932069614
2024-05-01 12:48:35,dht22_temp,23.47745713783754
2024-05-01 12:48:35,dht22_humidity,47.5454625840819
2024-05-01 12:48:35,mq2_gas,213.125565223689
2024-05-01 12:48:40,dht22_temp,23.36476740760997
2024-05-01 12:48:40,dht22_humidity,47.69841606608919
2024-05-01 12:48:40,mq2_gas,210.23592283566228
2024-05-01 12:48:45,dht22_temp,23.67137662135888
2024-05-01 12:48:45,dht22_humidity,47.4001082720521
2024-05-01 12:48:45,mq2_gas,207.82294611967612
2024-05-01 12:48:50,dht22_temp,23.524243912564536
2024-05-01 12:48:50,dht22_humidity,46.75553906500298
2024-05-01 12:48:50,mq2_gas,190.44811740855886
2024-05-01 12:48:55,dht22_temp,23.40856865940375
2024-05-01 12:48:55,dht22_humidity,47.186960563542534
2024-05-01 12:48:55,mq2_gas,195.8321183584603
2024-05-01 12:49:00,dht22_temp,23.55923497169028
2024-05-01 12:49:00,dht22_humidity,47.970925032742514
2024-05-01 12:49:00,mq2_gas,204.22476180472563
2024-05-01 12:49:05,dht22_temp,23.849718118794097
2024-05-01 12:49:05,dht22_humidity,47.10549043649946
2024-05-01 12:49:05,mq2_gas,207.89252921362004
2024-05-01 12:49:10,dht22_temp,23.65439099991519
2024-05-01 12:49:10,dht22_humidity,47.87734700087729
2024-05-01 12:49:10,mq2_gas,196.21283944903777
2024-05-01 12:49:15,dht22_temp,23.726568393923394
2024-05-01 12:49:15,dht22_humidity,47.83725664702308
2024-05-01 12:49:15,mq2_gas,192.7918715371648
2024-05-01 12:49:20,dht22_temp,23.664191386797945
2024-05-01 12:49:20,dht22_humidity,47.17539073831109
2024-05-01 12:49:20,mq2_gas,195.65220549452266
2024-05-01 12:49:25,dht22_temp,23.614321400874626
2024-05-01 12:49:25,dht22_humidity,47.74204427629296
2024-05-01 12:49:25,mq2_gas,197.70349895589416
2024-05-01 12:49:30,dht22_temp,23.90594161558613
2024-05-01 12:49:30,dht22_humidity,46.47588916143788
2024-05-01 12:49:30,mq2_gas,197.92911082453944
2024-05-01 12:49:35,dht22_temp,23.843439690156654
2024-05-01 12:49:35,dht22_humidity,46.53355986741582
2024-05-01 12:49:35,mq2_gas,191.01131856563583
2024-05-01 12:49:40,dht22_temp,23.723422619488733
2024-05-01 12:49:40,dht22_humidity,46.681475275575686
2024-05-01 12:49:40,mq2_gas,193.33885981815746
2024-05-01 12:49:45,dht22_temp,23.83639029393298
2024-05-01 12:49:45,dht22_humidity,45.32722500220653
2024-05-01 12:49:45,mq2_gas,194.41877724260092
2024-05-01 12:49:50,dht22_temp,23.842191074605044
2024-05-01 12:49:50,dht22_humidity,46.11249087352537
2024-05-01 12:49:50,mq2_gas,190.0641338183327
2024-05-01 12:49:55,dht22_temp,23.804966419918234
2024-05-01 12:49:55,dht22_humidity,46.31928534461531
2024-05-01 12:49:55,mq2_gas,214.87059525606853
2024-05-01 12:50:00,dht22_temp,23.787011529945865
2024-05-01 12:50:00,dht22_humidity,46.0634303307356
2024-05-01 12:50:00,mq2_gas,209.7704960268575
2024-05-01 12:50:05,dht22_temp,23.99426647962092
2024-05-01 12:50:05,dht22_humidity,46.074591182377425
2024-05-01 12:50:05,mq2_gas,195.49287396553478
2024-05-01 12:50:10,dht22_temp,23.99652907065446
2024-05-01 12:50:10,dht22_humidity,45.99327120748713
2024-05-01 12:50:10,mq2_gas,178.13538238451696
2024-05-01 12:50:15,dht22_temp,23.958408652444266
2024-05-01 12:50:15,dht22_humidity,44.99381469288369
2024-05-01 12:50:15,mq2_gas,212.91056526966483
2024-05-01 12:50:20,dht22_temp,24.14742391195034
2024-05-01 12:50:20,dht22_humidity,45.501817481553935
2024-05-01 12:50:20,mq2_gas,208.04877764555633
2024-05-01 12:50:25,dht22_temp,24.34556982014096
2024-05-01 12:50:25,dht22_humidity,45.51428657919022
2024-05-01 12:50:25,mq2_gas,212.9927510690689
2024-05-01 12:50:30,dht22_temp,24.172861298220553
2024-05-01 12:50:30,dht22_humidity,45.63997420558561
2024-05-01 12:50:30,mq2_gas,188.94089450026246
2024-05-01 12:50:35,dht22_temp,24.117269341095202
2024-05-01 12:50:35,dht22_humidity,45.49601747272153
2024-05-01 12:50:35,mq2_gas,176.8422436889293
2024-05-01 12:50:40,dht22_temp,24.262489937483483
2024-05-01 12:50:40,dht22_humidity,45.470449437527506
2024-05-01 12:50:40,mq2_gas,204.59244216970254
2024-05-01 12:50:45,dht22_temp,24.204419143707998
2024-05-01 12:50:45,dht22_humidity,47.07102309661848
2024-05-01 12:50:45,mq2_gas,183.42715364189903
2024-05-01 12:50:50,dht22_temp,24.190235490057617
2024-05-01 12:50:50,dht22_humidity,45.86782851306449
2024-05-01 12:50:50,mq2_gas,223.58467740950147
2024-05-01 12:50:55,dht22_temp,24.221785708608007
2024-05-01 12:50:55,dht22_humidity,46.375975143484666
2024-05-01 12:50:55,mq2_gas,190.82970590624362
2024-05-01 12:51:00,dht22_temp,24.48812201395581
2024-05-01 12:51:00,dht22_humidity,45.44804337238108
2024-05-01 12:51:00,mq2_gas,222.29998540520782
2024-05-01 12:51:05,dht22_temp,24.57499802860482
2024-05-01 12:51:05,dht22_humidity,45.03833154867714
2024-05-01 12:51:05,mq2_gas,229.3570146505725
2024-05-01 12:51:10,dht22_temp,24.322639088179457
2024-05-01 12:51:10,dht22_humidity,45.16012780258669
2024-05-01 12:51:10,mq2_gas,218.07903137487565
2024-05-01 12:51:15,dht22_temp,24.40005810669778
2024-05-01 12:51:15,dht22_humidity,44.95393449717908
2024-05-01 12:51:15,mq2_gas,201.30630397305245
2024-05-01 12:51:20,dht22_temp,24.557477105771806
2024-05-01 12:51:20,dht22_humidity,45.42882657066309
2024-05-01 12:51:20,mq2_gas,192.54302647811443
2024-05-01 12:51:25,dht22_temp,24.570804913673882
2024-05-01 12:51:25,dht22_humidity,45.51755118342943
2024-05-01 12:51:25,mq2_gas,215.0399059606366
2024-05-01 12:51:30,dht22_temp,24.622998282182024
2024-05-01 12:51:30,dht22_humidity,44.53895239314521
2024-05-01 12:51:30,mq2_gas,200.2841749723551
2024-05-01 12:51:35,dht22_temp,24.567353469013113
2024-05-01 12:51:35,dht22_humidity,45.79458264101899
2024-05-01 12:51:35,mq2_gas,183.245775033714
2024-05-01 12:51:40,dht22_temp,24.724764962973147
2024-05-01 12:51:40,dht22_humidity,44.575034534729426
2024-05-01 12:51:40,mq2_gas,212.72057123705747
2024-05-01 12:51:45,dht22_temp,24.78541916323681
2024-05-01 12:51:45,dht22_humidity,45.19312126383379
2024-05-01 12:51:45,mq2_gas,205.0493871181439
2024-05-01 12:51:50,dht22_temp,24.714242919675282
2024-05-01 12:51:50,dht22_humidity,45.400140026220626
2024-05-01 12:51:50,mq2_gas,199.50373317737953
2024-05-01 12:51:55,dht22_temp,24.860780129196073
2024-05-01 12:51:55,dht22_humidity,45.07342113707842
2024-05-01 12:51:55,mq2_gas,175.18808514694663
2024-05-01 12:52:00,dht22_temp,24.77610769434174
2024-05-01 12:52:00,dht22_humidity,45.78785809954231
2024-05-01 12:52:00,mq2_gas,214.52540215635787
2024-05-01 12:52:05,dht22_temp,24.877811117349804
2024-05-01 12:52:05,dht22_humidity,44.95418060312348
2024-05-01 12:52:05,mq2_gas,196.64751861301974
2024-05-01 12:52:10,dht22_temp,24.97034809401726
2024-05-01 12:52:10,dht22_humidity,45.297915861879375
2024-05-01 12:52:10,mq2_gas,190.20908161028575
2024-05-01 12:52:15,dht22_temp,25.0134298983122
2024-05-01 12:52:15,dht22_humidity,45.61916450212564
2024-05-01 12:52:15,mq2_gas,190.45135178613756
2024-05-01 12:52:20,dht22_temp,24.968574724060463
2024-05-01 12:52:20,dht22_humidity,45.231940953367435
2024-05-01 12:52:20,mq2_gas,207.22752967446064
2024-05-01 12:52:25,dht22_temp,24.985204417356037
2024-05-01 12:52:25,dht22_humidity,44.73638681355093
2024-05-01 12:52:25,mq2_gas,195.36114652012006
2024-05-01 12:52:30,dht22_temp,25.10576935636559
2024-05-01 12:52:30,dht22_humidity,45.218976624196564
2024-05-01 12:52:30,mq2_gas,199.8058245612382
2024-05-01 12:52:35,dht22_temp,24.97078496844356
2024-05-01 12:52:35,dht22_humidity,44.4662371959167
2024-05-01 12:52:35,mq2_gas,206.36824033531488
2024-05-01 12:52:40,dht22_temp,25.025016930702943
2024-05-01 12:52:40,dht22_humidity,45.13434047463212
2024-05-01 12:52:40,mq2_gas,196.39202378298876
2024-05-01 12:52:45,dht22_temp,25.126762441090467
2024-05-01 12:52:45,dht22_humidity,45.04755415178311
2024-05-01 12:52:45,mq2_gas,216.76352091191418
2024-05-01 12:52:50,dht22_temp,25.25565169797397
2024-05-01 12:52:50,dht22_humidity,44.902518483535125
2024-05-01 12:52:50,mq2_gas,185.26628407064098
2024-05-01 12:52:55,dht22_temp,25.31768792367301
2024-05-01 12:52:55,dht22_humidity,45.63794281873701
2024-05-01 12:52:55,mq2_gas,206.07376046713125
2024-05-01 12:53:00,dht22_temp,25.422646954556154
2024-05-01 12:53:00,dht22_humidity,45.330211370886836
2024-05-01 12:53:00,mq2_gas,186.96725190917005
2024-05-01 12:53:05,dht22_temp,25.341021612202567
2024-05-01 12:53:05,dht22_humidity,45.37973480882697
2024-05-01 12:53:05,mq2_gas,207.21011525468342
2024-05-01 12:53:10,dht22_temp,25.33553578668158
2024-05-01 12:53:10,dht22_humidity,45.11405820745503
2024-05-01 12:53:10,mq2_gas,203.6586964228224
2024-05-01 12:53:15,dht22_temp,25.551145642579858
2024-05-01 12:53:15,dht22_humidity,45.679834098323774
2024-05-01 12:53:15,mq2_gas,206.46318320572962
2024-05-01 12:53:20,dht22_temp,25.502641906471545
2024-05-01 12:53:20,dht22_humidity,44.6990619149872
2024-05-01 12:53:20,mq2_gas,188.99040184357227
2024-05-01 12:53:25,dht22_temp,25.49265229236073
2024-05-01 12:53:25,dht22_humidity,45.76997472088525
2024-05-01 12:53:25,mq2_gas,203.95353423481637
2024-05-01 12:53:30,dht22_temp,25.596564730555333
2024-05-01 12:53:30,dht22_humidity,44.53885461024712
2024-05-01 12:53:30,mq2_gas,185.3834624349363
2024-05-01 12:53:35,dht22_temp,25.69084472403261
2024-05-01 12:53:35,dht22_humidity,45.31570671531756
2024-05-01 12:53:35,mq2_gas,186.8631212103566
2024-05-01 12:53:40,dht22_temp,25.705242753537675
2024-05-01 12:53:40,dht22_humidity,45.50835408030482
2024-05-01 12:53:40,mq2_gas,229.51464274507742
2024-05-01 12:53:45,dht22_temp,25.779948923008547
2024-05-01 12:53:45,dht22_humidity,45.60188249666037
2024-05-01 12:53:45,mq2_gas,198.48890439616468
2024-05-01 12:53:50,dht22_temp,25.715839325629705
2024-05-01 12:53:50,dht22_humidity,45.42926260119648
2024-05-01 12:53:50,mq2_gas,185.6120328517845
2024-05-01 12:53:55,dht22_temp,25.822745848653447
2024-05-01 12:53:55,dht22_humidity,45.67289678256316
2024-05-01 12:53:55,mq2_gas,172.4529321486901
2024-05-01 12:54:00,dht22_temp,25.703533188311713
2024-05-01 12:54:00,dht22_humidity,45.17876662863502
2024-05-01 12:54:00,mq2_gas,209.8089018266933
2024-05-01 12:54:05,dht22_temp,25.799465041982224
2024-05-01 12:54:05,dht22_humidity,46.39726464542757
2024-05-01 12:54:05,mq2_gas,184.08480406301538
2024-05-01 12:54:10,dht22_temp,25.73275546200427
2024-05-01 12:54:10,dht22_humidity,46.25024853421802
2024-05-01 12:54:10,mq2_gas,193.44778648682592
2024-05-01 12:54:15,dht22_temp,25.770598224726957
2024-05-01 12:54:15,dht22_humidity,45.51918254451507
2024-05-01 12:54:15,mq2_gas,192.40175727821412
2024-05-01 12:54:20,dht22_temp,25.966171065954395
2024-05-01 12:54:20,dht22_humidity,46.41005481522517
2024-05-01 12:54:20,mq2_gas,184.13080768868653
2024-05-01 12:54:25,dht22_temp,25.918572565992573
2024-05-01 12:54:25,dht22_humidity,45.92913872138153
2024-05-01 12:54:25,mq2_gas,200.82193634573937
2024-05-01 12:54:30,dht22_temp,26.066008659113752
2024-05-01 12:54:30,dht22_humidity,46.055534713214854
2024-05-01 12:54:30,mq2_gas,194.20196643013261
2024-05-01 12:54:35,dht22_temp,25.906133576650692
2024-05-01 12:54:35,dht22_humidity,45.159353515768224
2024-05-01 12:54:35,mq2_gas,196.28888077561462
2024-05-01 12:54:40,dht22_temp,26.052996827230917
2024-05-01 12:54:40,dht22_humidity,46.61112263783413
2024-05-01 12:54:40,mq2_gas,196.22230888459364
2024-05-01 12:54:45,dht22_temp,26.317738569834496
2024-05-01 12:54:45,dht22_humidity,46.192978412163185
2024-05-01 12:54:45,mq2_gas,195.16656240592437
2024-05-01 12:54:50,dht22_temp,26.156805838485898
2024-05-01 12:54:50,dht22_humidity,45.82925210171934
2024-05-01 12:54:50,mq2_gas,202.08908041340945
2024-05-01 12:54:55,dht22_temp,25.945267313079565
2024-05-01 12:54:55,dht22_humidity,46.738195288636874
2024-05-01 12:54:55,mq2_gas,200.6667865592621
2024-05-01 12:55:00,dht22_temp,26.205204107668962
2024-05-01 12:55:00,dht22_humidity,46.56541909148643
2024-05-01 12:55:00,mq2_gas,187.26243930906537
2024-05-01 12:55:05,dht22_temp,26.126281277845596
2024-05-01 12:55:05,dht22_humidity,47.36128850732059
2024-05-01 12:55:05,mq2_gas,204.94597580478904
2024-05-01 12:55:10,dht22_temp,26.187927035866498
2024-05-01 12:55:10,dht22_humidity,46.880816257429736
2024-05-01 12:55:10,mq2_gas,204.0771090070233
2024-05-01 12:55:15,dht22_temp,26.474112712175007
2024-05-01 12:55:15,dht22_humidity,47.31973232157411
2024-05-01 12:55:15,mq2_gas,204.1116869397762
2024-05-01 12:55:20,dht22_temp,26.264245194922857
2024-05-01 12:55:20,dht22_humidity,47.75270478133639
2024-05-01 12:55:20,mq2_gas,198.9845134788863
2024-05-01 12:55:25,dht22_temp,26.252088332163027
2024-05-01 12:55:25,dht22_humidity,46.34900138636209
2024-05-01 12:55:25,mq2_gas,191.37603461951906
2024-05-01 12:55:30,dht22_temp,26.3321711672824
2024-05-01 12:55:30,dht22_humidity,47.44199062455646
2024-05-01 12:55:30,mq2_gas,209.13185423758947
2024-05-01 12:55:35,dht22_temp,26.51257942374435
2024-05-01 12:55:35,dht22_humidity,47.23778133226586
2024-05-01 12:55:35,mq2_gas,208.31492530041913
2024-05-01 12:55:40,dht22_temp,26.651737786290767
2024-05-01 12:55:40,dht22_humidity,47.72021489628916
2024-05-01 12:55:40,mq2_gas,216.02882574536284
2024-05-01 12:55:45,dht22_temp,26.302505853448196
2024-05-01 12:55:45,dht22_humidity,46.99965715406906
2024-05-01 12:55:45,mq2_gas,192.48885044321784
2024-05-01 12:55:50,dht22_temp,26.21304835559708
2024-05-01 12:55:50,dht22_humidity,47.51452552561114
2024-05-01 12:55:50,mq2_gas,213.92448992811808
2024-05-01 12:55:55,dht22_temp,26.453809882395895
2024-05-01 12:55:55,dht22_humidity,47.68411362849222
2024-05-01 12:55:55,mq2_gas,191.45945803230308
2024-05-01 12:56:00,dht22_temp,26.48415567964538
2024-05-01 12:56:00,dht22_humidity,47.839261984202324
2024-05-01 12:56:00,mq2_gas,188.04224228120162
2024-05-01 12:56:05,dht22_temp,26.67610531015579
2024-05-01 12:56:05,dht22_humidity,46.8488815618595
2024-05-01 12:56:05,mq2_gas,203.22234088086302
2024-05-01 12:56:10,dht22_temp,26.53430393267027
2024-05-01 12:56:10,dht22_humidity,48.66585739189768
2024-05-01 12:56:10,mq2_gas,207.61845091929405
2024-05-01 12:56:15,dht22_temp,26.399152938971046
2024-05-01 12:56:15,dht22_humidity,46.824409706013206
2024-05-01 12:56:15,mq2_gas,189.98643589412947
2024-05-01 12:56:20,dht22_temp,26.58081995239705
2024-05-01 12:56:20,dht22_humidity,48.056655210354535
2024-05-01 12:56:20,mq2_gas,200.3024540836427
2024-05-01 12:56:25,dht22_temp,26.72122353373631
2024-05-01 12:56:25,dht22_humidity,47.584869460967454
2024-05-01 12:56:25,mq2_gas,181.99453347697906
2024-05-01 12:56:30,dht22_temp,26.701269896470112
2024-05-01 12:56:30,dht22_humidity,48.2051629768246
2024-05-01 12:56:30,mq2_gas,198.96626667677373
2024-05-01 12:56:35,dht22_temp,26.63333019661669
2024-05-01 12:56:35,dht22_humidity,48.41784667928337
2024-05-01 12:56:35,mq2_gas,214.8650690361969
2024-05-01 12:56:40,dht22_temp,26.555996600199673
2024-05-01 12:56:40,dht22_humidity,48.01141808554222
2024-05-01 12:56:40,mq2_gas,206.4160160251855
2024-05-01 12:56:45,dht22_temp,26.89518754828378
2024-05-01 12:56:45,dht22_humidity,48.641950945082925
2024-05-01 12:56:45,mq2_gas,187.3728414250184
2024-05-01 12:56:50,dht22_temp,26.55776256348422
2024-05-01 12:56:50,dht22_humidity,48.99642318563625
2024-05-01 12:56:50,mq2_gas,187.5064577864824
2024-05-01 12:56:55,dht22_temp,26.994157110564757
2024-05-01 12:56:55,dht22_humidity,50.15903891185164
2024-05-01 12:56:55,mq2_gas,202.26301293213757
2024-05-01 12:57:00,dht22_temp,26.843159432157126
2024-05-01 12:57:00,dht22_humidity,49.051998273158816
2024-05-01 12:57:00,mq2_gas,211.41795661244427
2024-05-01 12:57:05,dht22_temp,26.811602436844108
2024-05-01 12:57:05,dht22_humidity,49.26590614557956
2024-05-01 12:57:05,mq2_gas,213.60403262304348
2024-05-01 12:57:10,dht22_temp,26.891099219577185
2024-05-01 12:57:10,dht22_humidity,50.42347011884616
2024-05-01 12:57:10,mq2_gas,183.6317044409273
2024-05-01 12:57:15,dht22_temp,26.788762840769667
2024-05-01 12:57:15,dht22_humidity,49.030179418872194
2024-05-01 12:57:15,mq2_gas,208.4177916932584
2024-05-01 12:57:20,dht22_temp,26.810064458441385
2024-05-01 12:57:20,dht22_humidity,49.90777502023519
2024-05-01 12:57:20,mq2_gas,188.310120458767
2024-05-01 12:57:25,dht22_temp,26.86434805087016
2024-05-01 12:57:25,dht22_humidity,50.87982920268516
2024-05-01 12:57:25,mq2_gas,216.38368221459262
2024-05-01 12:57:30,dht22_temp,26.699538145496135
2024-05-01 12:57:30,dht22_humidity,50.03851508047753
2024-05-01 12:57:30,mq2_gas,208.26352920914124
2024-05-01 12:57:35,dht22_temp,26.850904845592744
2024-05-01 12:57:35,dht22_humidity,49.43001191823071
2024-05-01 12:57:35,mq2_gas,206.61987804482257
2024-05-01 12:57:40,dht22_temp,26.922422303551386
2024-05-01 12:57:40,dht22_humidity,50.382464475166095
2024-05-01 12:57:40,mq2_gas,198.41948564842454
2024-05-01 12:57:45,dht22_temp,27.15678554276559
2024-05-01 12:57:45,dht22_humidity,49.77419910285862
2024-05-01 12:57:45,mq2_gas,195.0400126264795
2024-05-01 12:57:50,dht22_temp,26.985717392198456
2024-05-01 12:57:50,dht22_humidity,50.721771685414076
2024-05-01 12:57:50,mq2_gas,186.21286369229412
2024-05-01 12:57:55,dht22_temp,27.07374627416697
2024-05-01 12:57:55,dht22_humidity,49.75140031498979
2024-05-01 12:57:55,mq2_gas,200.06399600046154
2024-05-01 12:58:00,dht22_temp,26.922320915913456
2024-05-01 12:58:00,dht22_humidity,50.25090559417147
2024-05-01 12:58:00,mq2_gas,211.33250429620585
2024-05-01 12:58:05,dht22_temp,26.726545693332312
2024-05-01 12:58:05,dht22_humidity,50.363207126667255
2024-05-01 12:58:05,mq2_gas,190.97236149056414
2024-05-01 12:58:10,dht22_temp,27.056183630990937
2024-05-01 12:58:10,dht22_humidity,51.62723437363848
2024-05-01 12:58:10,mq2_gas,207.7546877354481
2024-05-01 12:58:15,dht22_temp,27.114877859769976
2024-05-01 12:58:15,dht22_humidity,49.862639302499375
2024-05-01 12:58:15,mq2_gas,201.63600117023924
2024-05-01 12:58:20,dht22_temp,26.842911371772942
2024-05-01 12:58:20,dht22_humidity,50.90971712224556
2024-05-01 12:58:20,mq2_gas,202.44671648638862
2024-05-01 12:58:25,dht22_temp,26.995750065890693
2024-05-01 12:58:25,dht22_humidity,51.90667440497662
2024-05-01 12:58:25,mq2_gas,180.21364659670877
2024-05-01 12:58:30,dht22_temp,26.906992366591513
2024-05-01 12:58:30,dht22_humidity,50.599318495669245
2024-05-01 12:58:30,mq2_gas,183.61209202923362
2024-05-01 12:58:35,dht22_temp,27.09462616132756
2024-05-01 12:58:35,dht22_humidity,51.55084166181773
2024-05-01 12:58:35,mq2_gas,215.56613784443567
2024-05-01 12:58:40,dht22_temp,27.115253464526024
2024-05-01 12:58:40,dht22_humidity,51.61279389806386
2024-05-01 12:58:40,mq2_gas,190.30383618907416
2024-05-01 12:58:45,dht22_temp,27.097797956805948
2024-05-01 12:58:45,dht22_humidity,51.35101712575644
2024-05-01 12:58:45,mq2_gas,188.00576184573742
2024-05-01 12:58:50,dht22_temp,26.884664292402785
2024-05-01 12:58:50,dht22_humidity,51.87478664231709
2024-05-01 12:58:50,mq2_gas,212.6552984645124
2024-05-01 12:58:55,dht22_temp,27.005252855480773
2024-05-01 12:58:55,dht22_humidity,52.541978177498365
2024-05-01 12:58:55,mq2_gas,200.913420675159
2024-05-01 12:59:00,dht22_temp,26.956833797387784
2024-05-01 12:59:00,dht22_humidity,53.40505056651681
2024-05-01 12:59:00,mq2_gas,218.2104452991573
2024-05-01 12:59:05,dht22_temp,27.017856307531346
2024-05-01 12:59:05,dht22_humidity,51.74178839510332
2024-05-01 12:59:05,mq2_gas,183.90970548307178
2024-05-01 12:59:10,dht22_temp,27.036189068530163
2024-05-01 12:59:10,dht22_humidity,52.14220334954445
2024-05-01 12:59:10,mq2_gas,204.67000811838184
2024-05-01 12:59:15,dht22_temp,27.025446728706658
2024-05-01 12:59:15,dht22_humidity,52.59875210752579
2024-05-01 12:59:15,mq2_gas,211.42227614417575
2024-05-01 12:59:20,dht22_temp,27.02085666484401
2024-05-01 12:59:20,dht22_humidity,52.12805899751912
2024-05-01 12:59:20,mq2_gas,192.2945144001484
2024-05-01 12:59:25,dht22_temp,27.043243687165383
2024-05-01 12:59:25,dht22_humidity,52.06147850180587
2024-05-01 12:59:25,mq2_gas,207.18342195571276
2024-05-01 12:59:30,dht22_temp,27.05105271915564
2024-05-01 12:59:30,dht22_humidity,52.68143791402504
2024-05-01 12:59:30,mq2_gas,192.18576723364194
2024-05-01 12:59:35,dht22_temp,26.795910055497686
2024-05-01 12:59:35,dht22_humidity,52.24569533277027
2024-05-01 12:59:35,mq2_gas,183.74070008430024
2024-05-01 12:59:40,dht22_temp,26.969332196990525
2024-05-01 12:59:40,dht22_humidity,52.68907749343118
2024-05-01 12:59:40,mq2_gas,190.79338462969747
2024-05-01 12:59:45,dht22_temp,27.04626015424201
2024-05-01 12:59:45,dht22_humidity,53.07560985926425
2024-05-01 12:59:45,mq2_gas,200.47586928565514
2024-05-01 12:59:50,dht22_temp,27.00636223087055
2024-05-01 12:59:50,dht22_humidity,53.62801505094711
2024-05-01 12:59:50,mq2_gas,183.97176012485232
2024-05-01 12:59:55,dht22_temp,27.01198928893507
2024-05-01 12:59:55,dht22_humidity,52.30221982277484
2024-05-01 12:59:55,mq2_gas,192.05616458962618
2024-05-01 13:00:00,dht22_temp,27.032530110955165
2024-05-01 13:00:00,dht22_humidity,53.6471947909582
2024-05-01 13:00:00,mq2_gas,206.64740895992315
2024-05-01 13:00:05,dht22_temp,26.938745792008152
2024-05-01 13:00:05,dht22_humidity,54.100903755904625
2024-05-01 13:00:05,mq2_gas,184.59199215468965
2024-05-01 13:00:10,dht22_temp,26.878475329150355
2024-05-01 13:00:10,dht22_humidity,53.50880054094312
2024-05-01 13:00:10,mq2_gas,220.35285158138205
2024-05-01 13:00:15,dht22_temp,26.999335839242814
2024-05-01 13:00:15,dht22_humidity,54.09287229354004
2024-05-01 13:00:15,mq2_gas,192.38654484882935
2024-05-01 13:00:20,dht22_temp,27.108578345122684
2024-05-01 13:00:20,dht22_humidity,53.895861668712456
2024-05-01 13:00:20,mq2_gas,189.9407557087923
2024-05-01 13:00:25,dht22_temp,27.104326040758064
2024-05-01 13:00:25,dht22_humidity,53.03051505723517
2024-05-01 13:00:25,mq2_gas,191.3130024791277
2024-05-01 13:00:30,dht22_temp,26.831820033691592
2024-05-01 13:00:30,dht22_humidity,53.33543110640249
2024-05-01 13:00:30,mq2_gas,205.27211196283875
2024-05-01 13:00:35,dht22_temp,26.867584376759783
2024-05-01 13:00:35,dht22_humidity,53.96167604631242
2024-05-01 13:00:35,mq2_gas,218.93806831690438
2024-05-01 13:00:40,dht22_temp,26.660463219611103
2024-05-01 13:00:40,dht22_humidity,54.66495523559311
2024-05-01 13:00:40,mq2_gas,191.75348170424877
2024-05-01 13:00:45,dht22_temp,26.953299035095046
2024-05-01 13:00:45,dht22_humidity,55.00872133974348
2024-05-01 13:00:45,mq2_gas,223.015530387573
2024-05-01 13:00:50,dht22_temp,26.77053091595897
2024-05-01 13:00:50,dht22_humidity,53.5463016608103
2024-05-01 13:00:50,mq2_gas,203.27926098083924
2024-05-01 13:00:55,dht22_temp,26.766029377855773
2024-05-01 13:00:55,dht22_humidity,53.315743932217615
2024-05-01 13:00:55,mq2_gas,207.35544988464065
2024-05-01 13:01:00,dht22_temp,26.660173805280223
2024-05-01 13:01:00,dht22_humidity,54.98478717277506
2024-05-01 13:01:00,mq2_gas,209.65163596339826
2024-05-01 13:01:05,dht22_temp,26.704682277272237
2024-05-01 13:01:05,dht22_humidity,54.34581435194523
2024-05-01 13:01:05,mq2_gas,197.57432760742174
2024-05-01 13:01:10,dht22_temp,26.666757997259424
2024-05-01 13:01:10,dht22_humidity,55.938132218029224
2024-05-01 13:01:10,mq2_gas,190.6380311875202
2024-05-01 13:01:15,dht22_temp,26.69702742113614
2024-05-01 13:01:15,dht22_humidity,54.94321442566639
2024-05-01 13:01:15,mq2_gas,196.15660935495475
2024-05-01 13:01:20,dht22_temp,26.606959143443056
2024-05-01 13:01:20,dht22_humidity,53.838650338218784
2024-05-01 13:01:20,mq2_gas,211.92035332750876
2024-05-01 13:01:25,dht22_temp,26.71866557856181
2024-05-01 13:01:25,dht22_humidity,54.79107553642338
2024-05-01 13:01:25,mq2_gas,184.91204124705462
2024-05-01 13:01:30,dht22_temp,26.674816455629088
2024-05-01 13:01:30,dht22_humidity,54.74882138098727
2024-05-01 13:01:30,mq2_gas,196.6193622410495
2024-05-01 13:01:35,dht22_temp,26.463127223247223
2024-05-01 13:01:35,dht22_humidity,54.62500961535696
2024-05-01 13:01:35,mq2_gas,191.2915792861952
2024-05-01 13:01:40,dht22_temp,26.584507612306798
2024-05-01 13:01:40,dht22_humidity,54.72929450040616
2024-05-01 13:01:40,mq2_gas,196.61841736188907
2024-05-01 13:01:45,dht22_temp,26.639778732346105
2024-05-01 13:01:45,dht22_humidity,54.705936877537624
2024-05-01 13:01:45,mq2_gas,205.29086956093585
2024-05-01 13:01:50,dht22_temp,26.56786826060453
2024-05-01 13:01:50,dht22_humidity,55.28142471866709
2024-05-01 13:01:50,mq2_gas,190.35940304276528
2024-05-01 13:01:55,dht22_temp,26.46533879332162
2024-05-01 13:01:55,dht22_humidity,55.2737257081809
2024-05-01 13:01:55,mq2_gas,201.5353283567519
2024-05-01 13:02:00,dht22_temp,26.5856911260777
2024-05-01 13:02:00,dht22_humidity,55.21773236262859
2024-05-01 13:02:00,mq2_gas,195.55319922629684
2024-05-01 13:02:05,dht22_temp,26.53381379305165
2024-05-01 13:02:05,dht22_humidity,54.74572256949591
2024-05-01 13:02:05,mq2_gas,209.5660449523682
2024-05-01 13:02:10,dht22_temp,26.60321295443074
2024-05-01 13:02:10,dht22_humidity,55.44657078331428
2024-05-01 13:02:10,mq2_gas,222.89500917464585
2024-05-01 13:02:15,dht22_temp,26.234185014663403
2024-05-01 13:02:15,dht22_humidity,54.64983137720077
2024-05-01 13:02:15,mq2_gas,197.33655412374625
2024-05-01 13:02:20,dht22_temp,26.320265131997083
2024-05-01 13:02:20,dht22_humidity,55.1304107332343
2024-05-01 13:02:20,mq2_gas,196.31891457119804
2024-05-01 13:02:25,dht22_temp,26.441311807045498
2024-05-01 13:02:25,dht22_humidity,55.45364491624353
2024-05-01 13:02:25,mq2_gas,204.13473411109587
2024-05-01 13:02:30,dht22_temp,26.19935435155494
2024-05-01 13:02:30,dht22_humidity,55.24892889474478
2024-05-01 13:02:30,mq2_gas,206.7429001565895
2024-05-01 13:02:35,dht22_temp,26.305318626154975
2024-05-01 13:02:35,dht22_humidity,55.00111351817735
2024-05-01 13:02:35,mq2_gas,214.00334873034316
2024-05-01 13:02:40,dht22_temp,26.18393845277112
2024-05-01 13:02:40,dht22_humidity,54.81051304699466
2024-05-01 13:02:40,mq2_gas,206.6705586116124
2024-05-01 13:02:45,dht22_temp,26.260206614265726
2024-05-01 13:02:45,dht22_humidity,55.424791355192944
2024-05-01 13:02:45,mq2_gas,197.15989222484347
2024-05-01 13:02:50,dht22_temp,26.043524995486447
2024-05-01 13:02:50,dht22_humidity,54.38120843821843
2024-05-01 13:02:50,mq2_gas,195.6732728490918
2024-05-01 13:02:55,dht22_temp,26.221636255908212
2024-05-01 13:02:55,dht22_humidity,55.394513676073565
2024-05-01 13:02:55,mq2_gas,181.84088775226178
2024-05-01 13:03:00,dht22_temp,26.16272451038284
2024-05-01 13:03:00,dht22_humidity,54.950026551018304
2024-05-01 13:03:00,mq2_gas,189.5789412958919
2024-05-01 13:03:05,dht22_temp,26.294909911035553
2024-05-01 13:03:05,dht22_humidity,55.11775616877041
2024-05-01 13:03:05,mq2_gas,208.2741522565543
2024-05-01 13:03:10,dht22_temp,26.29865210756841
2024-05-01 13:03:10,dht22_humidity,54.684238964555774
2024-05-01 13:03:10,mq2_gas,196.03209806709322
2024-05-01 13:03:15,dht22_temp,26.15645154003194
2024-05-01 13:03:15,dht22_humidity,54.306875532829274
2024-05-01 13:03:15,mq2_gas,200.7396569629135
2024-05-01 13:03:20,dht22_temp,25.97741888638401
2024-05-01 13:03:20,dht22_humidity,55.428613609773564
2024-05-01 13:03:20,mq2_gas,204.05390892811243
2024-05-01 13:03:25,dht22_temp,25.846337688547887
2024-05-01 13:03:25,dht22_humidity,55.40936878389066
2024-05-01 13:03:25,mq2_gas,208.45149412435666
2024-05-01 13:03:30,dht22_temp,25.797038513534005
2024-05-01 13:03:30,dht22_humidity,54.55598968508416
2024-05-01 13:03:30,mq2_gas,194.74192503192197
2024-05-01 13:03:35,dht22_temp,25.75132731964682
2024-05-01 13:03:35,dht22_humidity,55.40580807251625
2024-05-01 13:03:35,mq2_gas,196.761572087562
2024-05-01 13:03:40,dht22_temp,25.80225422038691
2024-05-01 13:03:40,dht22_humidity,54.32513443152066
2024-05-01 13:03:40,mq2_gas,196.0546114394133
2024-05-01 13:03:45,dht22_temp,25.94197630923861
2024-05-01 13:03:45,dht22_humidity,55.185666701460335
2024-05-01 13:03:45,mq2_gas,183.82602792068442
2024-05-01 13:03:50,dht22_temp,25.65763694327642
2024-05-01 13:03:50,dht22_humidity,55.09382631150857
2024-05-01 13:03:50,mq2_gas,195.0187789752013
2024-05-01 13:03:55,dht22_temp,25.664107608582157
2024-05-01 13:03:55,dht22_humidity,54.307298097461484
2024-05-01 13:03:55,mq2_gas,186.68930871001538
2024-05-01 13:04:00,dht22_temp,25.691496631384066
2024-05-01 13:04:00,dht22_humidity,54.50596577923707
2024-05-01 13:04:00,mq2_gas,211.4037787026636
2024-05-01 13:04:05,dht22_temp,25.63756025169528
2024-05-01 13:04:05,dht22_humidity,54.16913881311626
2024-05-01 13:04:05,mq2_gas,206.93805501096278
2024-05-01 13:04:10,dht22_temp,25.740851445103207
2024-05-01 13:04:10,dht22_humidity,54.23657139730633
2024-05-01 13:04:10,mq2_gas,182.97424095621764
2024-05-01 13:04:15,dht22_temp,25.520103289872775
2024-05-01 13:04:15,dht22_humidity,53.879322795008925
2024-05-01 13:04:15,mq2_gas,216.41617773092003
2024-05-01 13:04:20,dht22_temp,25.390761427408595
2024-05-01 13:04:20,dht22_humidity,54.337421844681636
2024-05-01 13:04:20,mq2_gas,214.73521650451215
2024-05-01 13:04:25,dht22_temp,25.577981317752126
2024-05-01 13:04:25,dht22_humidity,54.188617028640266
2024-05-01 13:04:25,mq2_gas,192.16935954823393
2024-05-01 13:04:30,dht22_temp,25.43383825206804
2024-05-01 13:04:30,dht22_humidity,54.26677026277441
2024-05-01 13:04:30,mq2_gas,214.96398553877074
2024-05-01 13:04:35,dht22_temp,25.3974684284437
2024-05-01 13:04:35,dht22_humidity,53.65052147549728
2024-05-01 13:04:35,mq2_gas,209.85772986611278
2024-05-01 13:04:40,dht22_temp,25.477370139498056
2024-05-01 13:04:40,dht22_humidity,54.14806360522445
2024-05-01 13:04:40,mq2_gas,207.72125034490912
2024-05-01 13:04:45,dht22_temp,25.339473911365737
2024-05-01 13:04:45,dht22_humidity,53.591354406432366
2024-05-01 13:04:45,mq2_gas,199.18925361473055
2024-05-01 13:04:50,dht22_temp,25.180380128683918
2024-05-01 13:04:50,dht22_humidity,53.80834640221891
2024-05-01 13:04:50,mq2_gas,190.61102252041937
2024-05-01 13:04:55,dht22_temp,25.28851314581205
2024-05-01 13:04:55,dht22_humidity,54.14675790270978
2024-05-01 13:04:55,mq2_gas,186.80320642101546
2024-05-01 13:05:00,dht22_temp,25.123521802360752
2024-05-01 13:05:00,dht22_humidity,53.977728824946475
2024-05-01 13:05:00,mq2_gas,204.6436792396641
2024-05-01 13:05:05,dht22_temp,25.18292386639847
2024-05-01 13:05:05,dht22_humidity,52.79874959192881
2024-05-01 13:05:05,mq2_gas,212.86904951311635
2024-05-01 13:05:10,dht22_temp,25.313053088086374
2024-05-01 13:05:10,dht22_humidity,54.614676486621704
2024-05-01 13:05:10,mq2_gas,205.4410394991762
2024-05-01 13:05:15,dht22_temp,25.163088349328277
2024-05-01 13:05:15,dht22_humidity,53.41392815060787
2024-05-01 13:05:15,mq2_gas,201.8857866835903
2024-05-01 13:05:20,dht22_temp,24.94285634247966
2024-05-01 13:05:20,dht22_humidity,53.717810651584095
2024-05-01 13:05:20,mq2_gas,185.70307080806612
2024-05-01 13:05:25,dht22_temp,25.074446544439734
2024-05-01 13:05:25,dht22_humidity,53.393273188522016
2024-05-01 13:05:25,mq2_gas,207.67068847749957
2024-05-01 13:05:30,dht22_temp,24.994184493144036
2024-05-01 13:05:30,dht22_humidity,53.252160718247104
2024-05-01 13:05:30,mq2_gas,208.4332597371744
2024-05-01 13:05:35,dht22_temp,24.818597025591455
2024-05-01 13:05:35,dht22_humidity,53.25872731013843
2024-05-01 13:05:35,mq2_gas,194.62455741045397
2024-05-01 13:05:40,dht22_temp,24.970370740377945
2024-05-01 13:05:40,dht22_humidity,53.26048963401982
2024-05-01 13:05:40,mq2_gas,202.70018746185605
2024-05-01 13:05:45,dht22_temp,24.90859821267551
2024-05-01 13:05:45,dht22_humidity,52.030221988607316
2024-05-01 13:05:45,mq2_gas,190.73681847284277
2024-05-01 13:05:50,dht22_temp,24.82777929557635
2024-05-01 13:05:50,dht22_humidity,53.612548191689996
2024-05-01 13:05:50,mq2_gas,205.72587761535422
2024-05-01 13:05:55,dht22_temp,24.90747162883756
2024-05-01 13:05:55,dht22_humidity,52.89658747785233
2024-05-01 13:05:55,mq2_gas,201.00680452985682
2024-05-01 13:06:00,dht22_temp,24.68671326357193
2024-05-01 13:06:00,dht22_humidity,52.688772932257216
2024-05-01 13:06:00,mq2_gas,191.69563148214826
2024-05-01 13:06:05,dht22_temp,24.642768574913777
2024-05-01 13:06:05,dht22_humidity,52.70876805745996
2024-05-01 13:06:05,mq2_gas,193.4844594040032
2024-05-01 13:06:10,dht22_temp,24.660278751972697
2024-05-01 13:06:10,dht22_humidity,51.790325810702406
2024-05-01 13:06:10,mq2_gas,204.2793379988797
2024-05-01 13:06:15,dht22_temp,24.636028521372673
2024-05-01 13:06:15,dht22_humidity,52.81671077002366
2024-05-01 13:06:15,mq2_gas,195.36503066500134
2024-05-01 13:06:20,dht22_temp,24.52827512316224
2024-05-01 13:06:20,dht22_humidity,52.9771094432812
2024-05-01 13:06:20,mq2_gas,198.45496271311183
2024-05-01 13:06:25,dht22_temp,24.738734644632242
2024-05-01 13:06:25,dht22_humidity,51.673649101653915
2024-05-01 13:06:25,mq2_gas,197.52635174269483
2024-05-01 13:06:30,dht22_temp,24.388508923195435
2024-05-01 13:06:30,dht22_humidity,51.87262926234276
2024-05-01 13:06:30,mq2_gas,192.10008385453008
2024-05-01 13:06:35,dht22_temp,24.41453912188431
2024-05-01 13:06:35,dht22_humidity,52.54530003890286
2024-05-01 13:06:35,mq2_gas,188.56105951949073
2024-05-01 13:06:40,dht22_temp,24.485194540835803
2024-05-01 13:06:40,dht22_humidity,51.31996643154185
2024-05-01 13:06:40,mq2_gas,195.94474328226175
2024-05-01 13:06:45,dht22_temp,34.517985635517526
2024-05-01 13:06:45,dht22_humidity,52.15668783923169
2024-05-01 13:06:45,mq2_gas,202.7228033549217
2024-05-01 13:06:50,dht22_temp,34.41107221338143
2024-05-01 13:06:50,dht22_humidity,52.09770660880729
2024-05-01 13:06:50,mq2_gas,206.28005643302478
2024-05-01 13:06:55,dht22_temp,34.45074561274529
2024-05-01 13:06:55,dht22_humidity,51.17341356138708
2024-05-01 13:06:55,mq2_gas,199.29260765249643
2024-05-01 13:07:00,dht22_temp,34.33669972418256
2024-05-01 13:07:00,dht22_humidity,51.949325681088695
2024-05-01 13:07:00,mq2_gas,205.58057910656987
2024-05-01 13:07:05,dht22_temp,24.366510823574046
2024-05-01 13:07:05,dht22_humidity,51.20488669746812
2024-05-01 13:07:05,mq2_gas,186.5027980511129
2024-05-01 13:07:10,dht22_temp,24.32628583323182
2024-05-01 13:07:10,dht22_humidity,51.33495301338914
2024-05-01 13:07:10,mq2_gas,194.51313599594667
2024-05-01 13:07:15,dht22_temp,24.16613344752485
2024-05-01 13:07:15,dht22_humidity,50.99835209046955
2024-05-01 13:07:15,mq2_gas,210.0620797578632
2024-05-01 13:07:20,dht22_temp,24.21541945558804
2024-05-01 13:07:20,dht22_humidity,51.248733262337055
2024-05-01 13:07:20,mq2_gas,205.40869588467226
2024-05-01 13:07:25,dht22_temp,24.09385830155764
2024-05-01 13:07:25,dht22_humidity,51.483814954327265
2024-05-01 13:07:25,mq2_gas,176.3668041069812
2024-05-01 13:07:30,dht22_temp,23.93833651508028
2024-05-01 13:07:30,dht22_humidity,50.82768228014483
2024-05-01 13:07:30,mq2_gas,195.86522611570734
2024-05-01 13:07:35,dht22_temp,23.925040885446037
2024-05-01 13:07:35,dht22_humidity,51.03418914228918
2024-05-01 13:07:35,mq2_gas,190.2161631739024
2024-05-01 13:07:40,dht22_temp,24.007156930462624
2024-05-01 13:07:40,dht22_humidity,50.66245443016035
2024-05-01 13:07:40,mq2_gas,200.57696966014572
2024-05-01 13:07:45,dht22_temp,23.868236504990733
2024-05-01 13:07:45,dht22_humidity,50.379456322178704
2024-05-01 13:07:45,mq2_gas,212.26936940944694
2024-05-01 13:07:50,dht22_temp,23.97166102451976
2024-05-01 13:07:50,dht22_humidity,50.832890500332795
2024-05-01 13:07:50,mq2_gas,199.1991801814622
2024-05-01 13:07:55,dht22_temp,23.71366714729541
2024-05-01 13:07:55,dht22_humidity,49.993449427218664
2024-05-01 13:07:55,mq2_gas,198.49322059773408
2024-05-01 13:08:00,dht22_temp,23.98107946795586
2024-05-01 13:08:00,dht22_humidity,50.66973115325483
2024-05-01 13:08:00,mq2_gas,204.24845154440135
2024-05-01 13:08:05,dht22_temp,23.732768694167554
2024-05-01 13:08:05,dht22_humidity,50.040984932753574
2024-05-01 13:08:05,mq2_gas,197.38268507138648
2024-05-01 13:08:10,dht22_temp,23.76203605676702
2024-05-01 13:08:10,dht22_humidity,49.23502190711032
2024-05-01 13:08:10,mq2_gas,204.63904652793312
2024-05-01 13:08:15,dht22_temp,23.751853458619888
2024-05-01 13:08:15,dht22_humidity,50.129088129897916
2024-05-01 13:08:15,mq2_gas,185.38373632107098
2024-05-01 13:08:20,dht22_temp,23.611088461033138
2024-05-01 13:08:20,dht22_humidity,51.425318343162594
2024-05-01 13:08:20,mq2_gas,191.1994987119334
2024-05-01 13:08:25,dht22_temp,23.722004282317197
2024-05-01 13:08:25,dht22_humidity,49.69659328789095
2024-05-01 13:08:25,mq2_gas,190.17814461977943
2024-05-01 13:08:30,dht22_temp,23.83598876795578
2024-05-01 13:08:30,dht22_humidity,49.32076564970033
2024-05-01 13:08:30,mq2_gas,201.49480040671025
2024-05-01 13:08:35,dht22_temp,23.815583434796473
2024-05-01 13:08:35,dht22_humidity,48.83432921683194
2024-05-01 13:08:35,mq2_gas,195.12359022206334
2024-05-01 13:08:40,dht22_temp,23.57025674933397
2024-05-01 13:08:40,dht22_humidity,48.42026176554839
2024-05-01 13:08:40,mq2_gas,202.75839468484006
2024-05-01 13:08:45,dht22_temp,23.623734707022308
2024-05-01 13:08:45,dht22_humidity,49.075548606134895
2024-05-01 13:08:45,mq2_gas,206.55830351802268
2024-05-01 13:08:50,dht22_temp,23.635185418367005
2024-05-01 13:08:50,dht22_humidity,49.031178718587874
2024-05-01 13:08:50,mq2_gas,197.58558913239685
2024-05-01 13:08:55,dht22_temp,23.643432903124083
2024-05-01 13:08:55,dht22_humidity,48.3921453883783
2024-05-01 13:08:55,mq2_gas,213.9635754305205
2024-05-01 13:09:00,dht22_temp,23.475458253200124
2024-05-01 13:09:00,dht22_humidity,49.00231587726008
2024-05-01 13:09:00,mq2_gas,218.26551977023388
2024-05-01 13:09:05,dht22_temp,23.242238857645823
2024-05-01 13:09:05,dht22_humidity,48.40408398262025
2024-05-01 13:09:05,mq2_gas,195.96051638481592
2024-05-01 13:09:10,dht22_temp,23.614034495351984
2024-05-01 13:09:10,dht22_humidity,48.178039965948166
2024-05-01 13:09:10,mq2_gas,227.29019501856976
2024-05-01 13:09:15,dht22_temp,23.26570543578906
2024-05-01 13:09:15,dht22_humidity,48.438452477649385
2024-05-01 13:09:15,mq2_gas,196.1369813041031
2024-05-01 13:09:20,dht22_temp,23.4448372233317
2024-05-01 13:09:20,dht22_humidity,47.86446152287708
2024-05-01 13:09:20,mq2_gas,195.48968106901256
2024-05-01 13:09:25,dht22_temp,23.18852009740614
2024-05-01 13:09:25,dht22_humidity,48.08561191748218
2024-05-01 13:09:25,mq2_gas,185.02077982714954
2024-05-01 13:09:30,dht22_temp,23.216962374325977
2024-05-01 13:09:30,dht22_humidity,47.960682064135014
2024-05-01 13:09:30,mq2_gas,198.78650840366993
2024-05-01 13:09:35,dht22_temp,23.428425437283142
2024-05-01 13:09:35,dht22_humidity,47.12770582160882
2024-05-01 13:09:35,mq2_gas,204.21012028582948
2024-05-01 13:09:40,dht22_temp,23.336423323962187
2024-05-01 13:09:40,dht22_humidity,47.54148088699415
2024-05-01 13:09:40,mq2_gas,191.96364546189335
2024-05-01 13:09:45,dht22_temp,23.27539924225517
2024-05-01 13:09:45,dht22_humidity,48.024497295091706
2024-05-01 13:09:45,mq2_gas,196.26244257222336
2024-05-01 13:09:50,dht22_temp,23.34785981231535
2024-05-01 13:09:50,dht22_humidity,47.33694897835099
2024-05-01 13:09:50,mq2_gas,217.2479556782182
2024-05-01 13:09:55,dht22_temp,23.246327212938528
2024-05-01 13:09:55,dht22_humidity,47.27900935301124
2024-05-01 13:09:55,mq2_gas,183.8917204674771
2024-05-01 13:10:00,dht22_temp,23.082150753797784
2024-05-01 13:10:00,dht22_humidity,47.45199883051569
2024-05-01 13:10:00,mq2_gas,197.72550164323616
2024-05-01 13:10:05,dht22_temp,23.23492269359914
2024-05-01 13:10:05,dht22_humidity,46.81531747105788
2024-05-01 13:10:05,mq2_gas,198.4956181728056
2024-05-01 13:10:10,dht22_temp,23.127071910732237
2024-05-01 13:10:10,dht22_humidity,47.20329883093243
2024-05-01 13:10:10,mq2_gas,197.81835916809536
2024-05-01 13:10:15,dht22_temp,23.359277107865257
2024-05-01 13:10:15,dht22_humidity,46.61156214279864
2024-05-01 13:10:15,mq2_gas,211.1880976014106
2024-05-01 13:10:20,dht22_temp,23.0514640603726
2024-05-01 13:10:20,dht22_humidity,46.624738479716356
2024-05-01 13:10:20,mq2_gas,191.58456129691
2024-05-01 13:10:25,dht22_temp,23.26771569771755
2024-05-01 13:10:25,dht22_humidity,46.979667148506074
2024-05-01 13:10:25,mq2_gas,201.3717316709902
2024-05-01 13:10:30,dht22_temp,23.150779363417485
2024-05-01 13:10:30,dht22_humidity,46.12478028819063
2024-05-01 13:10:30,mq2_gas,214.0291300316277
2024-05-01 13:10:35,dht22_temp,23.252617689637745
2024-05-01 13:10:35,dht22_humidity,46.5576896438192
2024-05-01 13:10:35,mq2_gas,200.13260676106867
2024-05-01 13:10:40,dht22_temp,23.16566379959077
2024-05-01 13:10:40,dht22_humidity,46.39722806438311
2024-05-01 13:10:40,mq2_gas,197.99823493911794
2024-05-01 13:10:45,dht22_temp,23.03931491519276
2024-05-01 13:10:45,dht22_humidity,46.224122380449124
2024-05-01 13:10:45,mq2_gas,195.2393987106611
2024-05-01 13:10:50,dht22_temp,23.150190313052708
2024-05-01 13:10:50,dht22_humidity,46.14738360129007
2024-05-01 13:10:50,mq2_gas,195.71635479972403
2024-05-01 13:10:55,dht22_temp,23.003901522063607
2024-05-01 13:10:55,dht22_humidity,45.47855305847384
2024-05-01 13:10:55,mq2_gas,215.6018173709268
2024-05-01 13:11:00,dht22_temp,23.107595453782668
2024-05-01 13:11:00,dht22_humidity,46.580678401510056
2024-05-01 13:11:00,mq2_gas,194.70102499366823
2024-05-01 13:11:05,dht22_temp,23.19338527432538
2024-05-01 13:11:05,dht22_humidity,46.14156376546143
2024-05-01 13:11:05,mq2_gas,214.5263648836993
2024-05-01 13:11:10,dht22_temp,23.038038143864128
2024-05-01 13:11:10,dht22_humidity,45.9706211074295
2024-05-01 13:11:10,mq2_gas,194.720454755015
2024-05-01 13:11:15,dht22_temp,23.039618682041077
2024-05-01 13:11:15,dht22_humidity,46.03194090816139
2024-05-01 13:11:15,mq2_gas,214.9269647193447
2024-05-01 13:11:20,dht22_temp,23.179123005686
2024-05-01 13:11:20,dht22_humidity,45.893467877480504
2024-05-01 13:11:20,mq2_gas,212.19038429022066
2024-05-01 13:11:25,dht22_temp,22.747458215370887
2024-05-01 13:11:25,dht22_humidity,45.54498840010035
2024-05-01 13:11:25,mq2_gas,202.497114029648
2024-05-01 13:11:30,dht22_temp,23.102799436479412
2024-05-01 13:11:30,dht22_humidity,45.92596249803529
2024-05-01 13:11:30,mq2_gas,199.43946830947237
2024-05-01 13:11:35,dht22_temp,22.963595768628277
2024-05-01 13:11:35,dht22_humidity,45.25148497545727
2024-05-01 13:11:35,mq2_gas,219.01960422818922
2024-05-01 13:11:40,dht22_temp,23.118422445930577
2024-05-01 13:11:40,dht22_humidity,46.24492993588787
2024-05-01 13:11:40,mq2_gas,200.10605824024728
2024-05-01 13:11:45,dht22_temp,22.95000476259227
2024-05-01 13:11:45,dht22_humidity,45.81081744561071
2024-05-01 13:11:45,mq2_gas,199.7537855104678
2024-05-01 13:11:50,dht22_temp,22.988694355408697
2024-05-01 13:11:50,dht22_humidity,45.46626264148359
2024-05-01 13:11:50,mq2_gas,193.6704873304012
2024-05-01 13:11:55,dht22_temp,22.913210372617115
2024-05-01 13:11:55,dht22_humidity,45.305534604500274
2024-05-01 13:11:55,mq2_gas,186.14578317471998
2024-05-01 13:12:00,dht22_temp,23.05982651526526
2024-05-01 13:12:00,dht22_humidity,45.7969165028334
2024-05-01 13:12:00,mq2_gas,192.30461015424095
2024-05-01 13:12:05,dht22_temp,22.81770814420504
2024-05-01 13:12:05,dht22_humidity,45.52822395358525
2024-05-01 13:12:05,mq2_gas,202.38432458887632
2024-05-01 13:12:10,dht22_temp,23.003751233713835
2024-05-01 13:12:10,dht22_humidity,44.62093091074174
2024-05-01 13:12:10,mq2_gas,180.82259538555587
2024-05-01 13:12:15,dht22_temp,23.174905151663918
2024-05-01 13:12:15,dht22_humidity,45.1395964980266
2024-05-01 13:12:15,mq2_gas,205.0439915079937
2024-05-01 13:12:20,dht22_temp,22.999521395970262
2024-05-01 13:12:20,dht22_humidity,45.41719602310555
2024-05-01 13:12:20,mq2_gas,187.21734023301434
2024-05-01 13:12:25,dht22_temp,22.965669925414947
2024-05-01 13:12:25,dht22_humidity,44.49836324619693
2024-05-01 13:12:25,mq2_gas,189.12847097393302
2024-05-01 13:12:30,dht22_temp,22.94377924502238
2024-05-01 13:12:30,dht22_humidity,44.241403679788874
2024-05-01 13:12:30,mq2_gas,195.38800680587883
2024-05-01 13:12:35,dht22_temp,22.948826821799486
2024-05-01 13:12:35,dht22_humidity,44.52323902890045
2024-05-01 13:12:35,mq2_gas,198.67160896809702
2024-05-01 13:12:40,dht22_temp,23.024808122033427
2024-05-01 13:12:40,dht22_humidity,44.67257989796428
2024-05-01 13:12:40,mq2_gas,220.11971489356335
2024-05-01 13:12:45,dht22_temp,23.104579007872747
2024-05-01 13:12:45,dht22_humidity,45.62968304400014
2024-05-01 13:12:45,mq2_gas,196.71616678969568
2024-05-01 13:12:50,dht22_temp,23.129721155396826
2024-05-01 13:12:50,dht22_humidity,45.432512232991435
2024-05-01 13:12:50,mq2_gas,189.81492979200277
2024-05-01 13:12:55,dht22_temp,22.980526995888354
2024-05-01 13:12:55,dht22_humidity,46.49129948845362
2024-05-01 13:12:55,mq2_gas,195.88782318646406
2024-05-01 13:13:00,dht22_temp,23.106601359856104
2024-05-01 13:13:00,dht22_humidity,44.91345497082731
2024-05-01 13:13:00,mq2_gas,208.31397181401
2024-05-01 13:13:05,dht22_temp,22.968400767379922
2024-05-01 13:13:05,dht22_humidity,44.50828889860149
2024-05-01 13:13:05,mq2_gas,211.34340610239354
2024-05-01 13:13:10,dht22_temp,23.098429430879214
2024-05-01 13:13:10,dht22_humidity,43.76542197762186
2024-05-01 13:13:10,mq2_gas,200.2341435059022
2024-05-01 13:13:15,dht22_temp,23.07186485042201
2024-05-01 13:13:15,dht22_humidity,45.35598604396881
2024-05-01 13:13:15,mq2_gas,203.21054106478812
2024-05-01 13:13:20,dht22_temp,23.13653067579034
2024-05-01 13:13:20,dht22_humidity,45.0439281137843
2024-05-01 13:13:20,mq2_gas,202.90468753158933
2024-05-01 13:13:25,dht22_temp,23.000057082969185
2024-05-01 13:13:25,dht22_humidity,44.5954146632072
2024-05-01 13:13:25,mq2_gas,191.4768956661519
2024-05-01 13:13:30,dht22_temp,22.99496576390498
2024-05-01 13:13:30,dht22_humidity,45.402783170748386
2024-05-01 13:13:30,mq2_gas,210.77583928324944
2024-05-01 13:13:35,dht22_temp,23.204991882055616
2024-05-01 13:13:35,dht22_humidity,44.71695140244181
2024-05-01 13:13:35,mq2_gas,194.62871897213716
2024-05-01 13:13:40,dht22_temp,23.114858042981346
2024-05-01 13:13:40,dht22_humidity,45.58604147196544
2024-05-01 13:13:40,mq2_gas,205.26627832659508
2024-05-01 13:13:45,dht22_temp,23.348726126096413
2024-05-01 13:13:45,dht22_humidity,44.559934848218795
2024-05-01 13:13:45,mq2_gas,197.7436396561214
2024-05-01 13:13:50,dht22_temp,23.06548675096573
2024-05-01 13:13:50,dht22_humidity,44.35433100407335
2024-05-01 13:13:50,mq2_gas,198.44740161136744
2024-05-01 13:13:55,dht22_temp,23.175427135595932
2024-05-01 13:13:55,dht22_humidity,44.827857113926726
2024-05-01 13:13:55,mq2_gas,184.65276217835745
2024-05-01 13:14:00,dht22_temp,23.24683408468305
2024-05-01 13:14:00,dht22_humidity,44.966716671970296
2024-05-01 13:14:00,mq2_gas,209.14865509168334
2024-05-01 13:14:05,dht22_temp,23.301075842195516
2024-05-01 13:14:05,dht22_humidity,44.48022346137333
2024-05-01 13:14:05,mq2_gas,203.95691875906695
2024-05-01 13:14:10,dht22_temp,23.205708817846073
2024-05-01 13:14:10,dht22_humidity,45.93282976846015
2024-05-01 13:14:10,mq2_gas,199.7041159411032
2024-05-01 13:14:15,dht22_temp,23.23550808738169
2024-05-01 13:14:15,dht22_humidity,44.99680966768975
2024-05-01 13:14:15,mq2_gas,184.99102811912385
2024-05-01 13:14:20,dht22_temp,23.434254523965144
2024-05-01 13:14:20,dht22_humidity,46.29626080751497
2024-05-01 13:14:20,mq2_gas,182.70203110712234
2024-05-01 13:14:25,dht22_temp,23.303256234004465
2024-05-01 13:14:25,dht22_humidity,45.220861152848414
2024-05-01 13:14:25,mq2_gas,194.05723011112028
2024-05-01 13:14:30,dht22_temp,23.472484469134585
2024-05-01 13:14:30,dht22_humidity,45.94221545412497
2024-05-01 13:14:30,mq2_gas,197.54656423691475
2024-05-01 13:14:35,dht22_temp,23.580813996541576
2024-05-01 13:14:35,dht22_humidity,45.380239505777546
2024-05-01 13:14:35,mq2_gas,197.58095860876224
2024-05-01 13:14:40,dht22_temp,23.425271608640912
2024-05-01 13:14:40,dht22_humidity,45.03909329783621
2024-05-01 13:14:40,mq2_gas,214.53132951233204
2024-05-01 13:14:45,dht22_temp,23.483201403734785
2024-05-01 13:14:45,dht22_humidity,45.2857596802882
2024-05-01 13:14:45,mq2_gas,198.14481294551166
2024-05-01 13:14:50,dht22_temp,23.355638460788143
2024-05-01 13:14:50,dht22_humidity,45.64844560313953
2024-05-01 13:14:50,mq2_gas,187.063620460143
2024-05-01 13:14:55,dht22_temp,23.472231978285844
2024-05-01 13:14:55,dht22_humidity,45.3153480888366
2024-05-01 13:14:55,mq2_gas,205.67055845190782
2024-05-01 13:15:00,dht22_temp,23.602282335215797
2024-05-01 13:15:00,dht22_humidity,46.026945845580464
2024-05-01 13:15:00,mq2_gas,198.77429423548037
2024-05-01 13:15:05,dht22_temp,23.453774420477522
2024-05-01 13:15:05,dht22_humidity,45.54590067771161
2024-05-01 13:15:05,mq2_gas,199.83367169223197
2024-05-01 13:15:10,dht22_temp,23.600830048846326
2024-05-01 13:15:10,dht22_humidity,45.47658933840639
2024-05-01 13:15:10,mq2_gas,190.32720740238173
2024-05-01 13:15:15,dht22_temp,23.59726138771505
2024-05-01 13:15:15,dht22_humidity,46.507672212260424
2024-05-01 13:15:15,mq2_gas,218.7232460268657
2024-05-01 13:15:20,dht22_temp,23.68768725553695
2024-05-01 13:15:20,dht22_humidity,45.40334075785001
2024-05-01 13:15:20,mq2_gas,214.08593070792554
2024-05-01 13:15:25,dht22_temp,23.552806448477433
2024-05-01 13:15:25,dht22_humidity,45.58595165725561
2024-05-01 13:15:25,mq2_gas,204.276107103152
2024-05-01 13:15:30,dht22_temp,23.52889016556196
2024-05-01 13:15:30,dht22_humidity,46.44736048782361
2024-05-01 13:15:30,mq2_gas,199.4637077959912
2024-05-01 13:15:35,dht22_temp,23.736918417789987
2024-05-01 13:15:35,dht22_humidity,45.712559381750026
2024-05-01 13:15:35,mq2_gas,208.4642735822609
2024-05-01 13:15:40,dht22_temp,23.77892311012897
2024-05-01 13:15:40,dht22_humidity,46.02278552211181
2024-05-01 13:15:40,mq2_gas,209.45281279388126
2024-05-01 13:15:45,dht22_temp,23.49269569748984
2024-05-01 13:15:45,dht22_humidity,46.468153337628664
2024-05-01 13:15:45,mq2_gas,198.92462333329024
2024-05-01 13:15:50,dht22_temp,23.71083446761813
2024-05-01 13:15:50,dht22_humidity,46.460470663899876
2024-05-01 13:15:50,mq2_gas,204.9980077409784
2024-05-01 13:15:55,dht22_temp,23.748732017163316
2024-05-01 13:15:55,dht22_humidity,46.39923852643942
2024-05-01 13:15:55,mq2_gas,199.58580090878544
2024-05-01 13:16:00,dht22_temp,23.894282327193917
2024-05-01 13:16:00,dht22_humidity,47.16173792751788
2024-05-01 13:16:00,mq2_gas,195.36050097553212
2024-05-01 13:16:05,dht22_temp,24.01970785692201
2024-05-01 13:16:05,dht22_humidity,45.987745652338155
2024-05-01 13:16:05,mq2_gas,203.00777097178567
2024-05-01 13:16:10,dht22_temp,23.749522878344983
2024-05-01 13:16:10,dht22_humidity,46.76935112463435
2024-05-01 13:16:10,mq2_gas,207.2225427622828
2024-05-01 13:16:15,dht22_temp,24.157679746093883
2024-05-01 13:16:15,dht22_humidity,46.853788433825706
2024-05-01 13:16:15,mq2_gas,192.51685163118395
2024-05-01 13:16:20,dht22_temp,24.092349322265857
2024-05-01 13:16:20,dht22_humidity,46.94731787433879
2024-05-01 13:16:20,mq2_gas,200.9833786013321
2024-05-01 13:16:25,dht22_temp,24.11612251690705
2024-05-01 13:16:25,dht22_humidity,47.572664186138304
2024-05-01 13:16:25,mq2_gas,182.6787093879456
2024-05-01 13:16:30,dht22_temp,24.064686965369575
2024-05-01 13:16:30,dht22_humidity,47.11949959101565
2024-05-01 13:16:30,mq2_gas,189.3043001697767
2024-05-01 13:16:35,dht22_temp,23.932629400766874
2024-05-01 13:16:35,dht22_humidity,47.197477778649976
2024-05-01 13:16:35,mq2_gas,195.36267829562985
2024-05-01 13:16:40,dht22_temp,24.058398946621708
2024-05-01 13:16:40,dht22_humidity,47.267150747039686
2024-05-01 13:16:40,mq2_gas,196.48975816198876
2024-05-01 13:16:45,dht22_temp,24.168825324073854
2024-05-01 13:16:45,dht22_humidity,48.23082944975652
2024-05-01 13:16:45,mq2_gas,199.69871001437693
2024-05-01 13:16:50,dht22_temp,24.391632996959355
2024-05-01 13:16:50,dht22_humidity,48.172680709752406
2024-05-01 13:16:50,mq2_gas,209.67582970776772
2024-05-01 13:16:55,dht22_temp,24.16759427737251
2024-05-01 13:16:55,dht22_humidity,47.51364201795367
2024-05-01 13:16:55,mq2_gas,190.8027533720626
2024-05-01 13:17:00,dht22_temp,24.319184751604585
2024-05-01 13:17:00,dht22_humidity,47.73801941179913
2024-05-01 13:17:00,mq2_gas,204.41698142702828
2024-05-01 13:17:05,dht22_temp,24.34529121071492
2024-05-01 13:17:05,dht22_humidity,47.96805660121699
2024-05-01 13:17:05,mq2_gas,196.43091059790368
2024-05-01 13:17:10,dht22_temp,24.255455080737867
2024-05-01 13:17:10,dht22_humidity,47.777195978226636
2024-05-01 13:17:10,mq2_gas,207.16616202928986
2024-05-01 13:17:15,dht22_temp,24.374340361161575
2024-05-01 13:17:15,dht22_humidity,48.083182796067184
2024-05-01 13:17:15,mq2_gas,208.6781099974424
2024-05-01 13:17:20,dht22_temp,24.47770430999836
2024-05-01 13:17:20,dht22_humidity,47.492127112683484
2024-05-01 13:17:20,mq2_gas,199.1958704990667
2024-05-01 13:17:25,dht22_temp,24.380263699469428
2024-05-01 13:17:25,dht22_humidity,48.319881759200506
2024-05-01 13:17:25,mq2_gas,203.90271146738598
2024-05-01 13:17:30,dht22_temp,24.556994160391977
2024-05-01 13:17:30,dht22_humidity,49.297341029619744
2024-05-01 13:17:30,mq2_gas,194.99183114582286
2024-05-01 13:17:35,dht22_temp,24.515415410037978
2024-05-01 13:17:35,dht22_humidity,48.87189716553864
2024-05-01 13:17:35,mq2_gas,209.61986053959222
2024-05-01 13:17:40,dht22_temp,24.480806469206698
2024-05-01 13:17:40,dht22_humidity,49.04856058236838
2024-05-01 13:17:40,mq2_gas,206.65478954940667
2024-05-01 13:17:45,dht22_temp,24.60811875566502
2024-05-01 13:17:45,dht22_humidity,48.68577911738702
2024-05-01 13:17:45,mq2_gas,207.32647845124993
2024-05-01 13:17:50,dht22_temp,24.705227694659666
2024-05-01 13:17:50,dht22_humidity,49.14854310336959
2024-05-01 13:17:50,mq2_gas,192.6820691632283
2024-05-01 13:17:55,dht22_temp,24.52977162359332
2024-05-01 13:17:55,dht22_humidity,49.023708901839306
2024-05-01 13:17:55,mq2_gas,197.28901116620656
2024-05-01 13:18:00,dht22_temp,24.787427223177577
2024-05-01 13:18:00,dht22_humidity,48.81155369229547
2024-05-01 13:18:00,mq2_gas,206.34697001143618
2024-05-01 13:18:05,dht22_temp,24.8222871169242
2024-05-01 13:18:05,dht22_humidity,48.94734907767489
2024-05-01 13:18:05,mq2_gas,209.45028944177906
2024-05-01 13:18:10,dht22_temp,24.786835832504156
2024-05-01 13:18:10,dht22_humidity,49.093209218366475
2024-05-01 13:18:10,mq2_gas,202.50867126914298
2024-05-01 13:18:15,dht22_temp,24.85952902483215
2024-05-01 13:18:15,dht22_humidity,49.11329630137906
2024-05-01 13:18:15,mq2_gas,206.20139245438827
2024-05-01 13:18:20,dht22_temp,24.90001324705547
2024-05-01 13:18:20,dht22_humidity,49.311366888253346
2024-05-01 13:18:20,mq2_gas,182.46034150981166
2024-05-01 13:18:25,dht22_temp,24.98353850065893
2024-05-01 13:18:25,dht22_humidity,49.864829411249374
2024-05-01 13:18:25,mq2_gas,201.19382791340792
2024-05-01 13:18:30,dht22_temp,25.118570895379282
2024-05-01 13:18:30,dht22_humidity,48.69496949451643
2024-05-01 13:18:30,mq2_gas,212.69207315344792
2024-05-01 13:18:35,dht22_temp,25.15726767329966
2024-05-01 13:18:35,dht22_humidity,49.575235687860804
2024-05-01 13:18:35,mq2_gas,210.14674726885158
2024-05-01 13:18:40,dht22_temp,24.97968274073715
2024-05-01 13:18:40,dht22_humidity,49.66897666328967
2024-05-01 13:18:40,mq2_gas,198.98604452866707
2024-05-01 13:18:45,dht22_temp,25.283610503365757
2024-05-01 13:18:45,dht22_humidity,50.49590032080364
2024-05-01 13:18:45,mq2_gas,200.49851407405626
2024-05-01 13:18:50,dht22_temp,25.229339491499253
2024-05-01 13:18:50,dht22_humidity,50.12845790003437
2024-05-01 13:18:50,mq2_gas,214.97514565878137
2024-05-01 13:18:55,dht22_temp,25.3377037025197
2024-05-01 13:18:55,dht22_humidity,50.77867727524826
2024-05-01 13:18:55,mq2_gas,192.11732606028326
2024-05-01 13:19:00,dht22_temp,25.32764091652395
2024-05-01 13:19:00,dht22_humidity,50.83543091134817
2024-05-01 13:19:00,mq2_gas,206.43664284536493
2024-05-01 13:19:05,dht22_temp,25.373805623074603
2024-05-01 13:19:05,dht22_humidity,51.02988505699128
2024-05-01 13:19:05,mq2_gas,190.97462466899822
2024-05-01 13:19:10,dht22_temp,25.448786544772435
2024-05-01 13:19:10,dht22_humidity,51.0743796269942
2024-05-01 13:19:10,mq2_gas,203.24157457725943
2024-05-01 13:19:15,dht22_temp,25.400749521913575
2024-05-01 13:19:15,dht22_humidity,51.21310100862074
2024-05-01 13:19:15,mq2_gas,207.47948328289309
2024-05-01 13:19:20,dht22_temp,25.398335794127075
2024-05-01 13:19:20,dht22_humidity,51.09027037369733
2024-05-01 13:19:20,mq2_gas,194.49816915756656
2024-05-01 13:19:25,dht22_temp,25.366655869817777
2024-05-01 13:19:25,dht22_humidity,51.15607496796943
2024-05-01 13:19:25,mq2_gas,209.8943899716598
2024-05-01 13:19:30,dht22_temp,25.42313046988898
2024-05-01 13:19:30,dht22_humidity,51.36490143036356
2024-05-01 13:19:30,mq2_gas,198.98937860641593
2024-05-01 13:19:35,dht22_temp,25.549055180581597
2024-05-01 13:19:35,dht22_humidity,51.864323920305445
2024-05-01 13:19:35,mq2_gas,219.74445703277345
2024-05-01 13:19:40,dht22_temp,25.39501246722593
2024-05-01 13:19:40,dht22_humidity,51.54428966790711
2024-05-01 13:19:40,mq2_gas,205.73022729849214
2024-05-01 13:19:45,dht22_temp,25.404243267613282
2024-05-01 13:19:45,dht22_humidity,52.64632944320326
2024-05-01 13:19:45,mq2_gas,198.83891601718287
2024-05-01 13:19:50,dht22_temp,25.531563240858148
2024-05-01 13:19:50,dht22_humidity,52.37732152324342
2024-05-01 13:19:50,mq2_gas,178.0199239179579
2024-05-01 13:19:55,dht22_temp,25.67015020331877
2024-05-01 13:19:55,dht22_humidity,51.511297341533016
2024-05-01 13:19:55,mq2_gas,199.85089441506392
2024-05-01 13:20:00,dht22_temp,25.72403563984615
2024-05-01 13:20:00,dht22_humidity,52.517161095167786
2024-05-01 13:20:00,mq2_gas,204.11327772489147
2024-05-01 13:20:05,dht22_temp,25.932697765732982
2024-05-01 13:20:05,dht22_humidity,52.26440637555437
2024-05-01 13:20:05,mq2_gas,196.580723752501
2024-05-01 13:20:10,dht22_temp,25.883810057181186
2024-05-01 13:20:10,dht22_humidity,52.31189287811695
2024-05-01 13:20:10,mq2_gas,204.18214380710882
2024-05-01 13:20:15,dht22_temp,25.404305665246742
2024-05-01 13:20:15,dht22_humidity,52.68082800255154
2024-05-01 13:20:15,mq2_gas,199.2523223010565
2024-05-01 13:20:20,dht22_temp,25.79105874754482
2024-05-01 13:20:20,dht22_humidity,52.23416122324633
2024-05-01 13:20:20,mq2_gas,209.03151371383888
2024-05-01 13:20:25,dht22_temp,25.666563893642497
2024-05-01 13:20:25,dht22_humidity,54.24344294357981
2024-05-01 13:20:25,mq2_gas,211.54120741644596
2024-05-01 13:20:30,dht22_temp,25.943544583514903
2024-05-01 13:20:30,dht22_humidity,53.723906436778854
2024-05-01 13:20:30,mq2_gas,202.74655527332908
2024-05-01 13:20:35,dht22_temp,25.852538485938553
2024-05-01 13:20:35,dht22_humidity,53.39038477422022
2024-05-01 13:20:35,mq2_gas,183.63962712153884
2024-05-01 13:20:40,dht22_temp,26.03713607472954
2024-05-01 13:20:40,dht22_humidity,53.57722205901144
2024-05-01 13:20:40,mq2_gas,205.34965862761914
2024-05-01 13:20:45,dht22_temp,25.866712372298693
2024-05-01 13:20:45,dht22_humidity,53.18019653733489
2024-05-01 13:20:45,mq2_gas,198.7691234033471
2024-05-01 13:20:50,dht22_temp,25.9719104225371
2024-05-01 13:20:50,dht22_humidity,52.019190534945764
2024-05-01 13:20:50,mq2_gas,188.145008653897
2024-05-01 13:20:55,dht22_temp,26.029938346250663
2024-05-01 13:20:55,dht22_humidity,53.833514716010676
2024-05-01 13:20:55,mq2_gas,227.5315491038669
2024-05-01 13:21:00,dht22_temp,26.199138896655
2024-05-01 13:21:00,dht22_humidity,52.97012247513602
2024-05-01 13:21:00,mq2_gas,195.78962479794978
2024-05-01 13:21:05,dht22_temp,26.254681483002155
2024-05-01 13:21:05,dht22_humidity,53.76255864989274
2024-05-01 13:21:05,mq2_gas,203.90917126374995
2024-05-01 13:21:10,dht22_temp,26.202816287456677
2024-05-01 13:21:10,dht22_humidity,54.144561102190686
2024-05-01 13:21:10,mq2_gas,222.35944858014003
2024-05-01 13:21:15,dht22_temp,26.212039979561517
2024-05-01 13:21:15,dht22_humidity,53.71134126997771
2024-05-01 13:21:15,mq2_gas,205.04419295957635
2024-05-01 13:21:20,dht22_temp,26.196452287556642
2024-05-01 13:21:20,dht22_humidity,52.620403805444894
2024-05-01 13:21:20,mq2_gas,204.93730669802198
2024-05-01 13:21:25,dht22_temp,26.200401318366236
2024-05-01 13:21:25,dht22_humidity,54.4574629742655
2024-05-01 13:21:25,mq2_gas,201.82427780133105
2024-05-01 13:21:30,dht22_temp,26.454083380181785
2024-05-01 13:21:30,dht22_humidity,53.45045122782846
2024-05-01 13:21:30,mq2_gas,211.31190810396416
2024-05-01 13:21:35,dht22_temp,26.171237867481928
2024-05-01 13:21:35,dht22_humidity,54.42570844464494
2024-05-01 13:21:35,mq2_gas,197.6275409532041
2024-05-01 13:21:40,dht22_temp,26.45767040239338
2024-05-01 13:21:40,dht22_humidity,53.85299065891379
2024-05-01 13:21:40,mq2_gas,206.82464930321234
2024-05-01 13:21:45,dht22_temp,26.44317138061804
2024-05-01 13:21:45,dht22_humidity,54.29627702534164
2024-05-01 13:21:45,mq2_gas,204.42678985052433
2024-05-01 13:21:50,dht22_temp,26.58937511936768
2024-05-01 13:21:50,dht22_humidity,53.89413700778587
2024-05-01 13:21:50,mq2_gas,214.0341216312086
2024-05-01 13:21:55,dht22_temp,26.4137747502825
2024-05-01 13:21:55,dht22_humidity,54.84573858278595
2024-05-01 13:21:55,mq2_gas,223.3972014848052
2024-05-01 13:22:00,dht22_temp,26.39662980787411
2024-05-01 13:22:00,dht22_humidity,53.22907383564132
2024-05-01 13:22:00,mq2_gas,201.6372576723074
2024-05-01 13:22:05,dht22_temp,26.433977877192312
2024-05-01 13:22:05,dht22_humidity,54.10598445307928
2024-05-01 13:22:05,mq2_gas,196.7073647154318
2024-05-01 13:22:10,dht22_temp,26.475851580742383
2024-05-01 13:22:10,dht22_humidity,55.144130617073415
2024-05-01 13:22:10,mq2_gas,211.25391924310958
2024-05-01 13:22:15,dht22_temp,26.670612615285098
2024-05-01 13:22:15,dht22_humidity,55.641332479527435
2024-05-01 13:22:15,mq2_gas,192.2922850792505
2024-05-01 13:22:20,dht22_temp,26.32987428053591
2024-05-01 13:22:20,dht22_humidity,55.550872445058516
2024-05-01 13:22:20,mq2_gas,202.5047291787276
2024-05-01 13:22:25,dht22_temp,26.598202347466547
2024-05-01 13:22:25,dht22_humidity,53.68863686673019
2024-05-01 13:22:25,mq2_gas,186.48304418623354
2024-05-01 13:22:30,dht22_temp,26.696537774552606
2024-05-01 13:22:30,dht22_humidity,54.56665056338512
2024-05-01 13:22:30,mq2_gas,178.4712962314379
2024-05-01 13:22:35,dht22_temp,26.556225297360402
2024-05-01 13:22:35,dht22_humidity,55.20801653677997
2024-05-01 13:22:35,mq2_gas,212.7867151135345
2024-05-01 13:22:40,dht22_temp,26.693954829694167
2024-05-01 13:22:40,dht22_humidity,56.14275105935947
2024-05-01 13:22:40,mq2_gas,210.267248540137
2024-05-01 13:22:45,dht22_temp,26.875162409023343
2024-05-01 13:22:45,dht22_humidity,55.43174781180686
2024-05-01 13:22:45,mq2_gas,208.31238307857868
2024-05-01 13:22:50,dht22_temp,26.58113487773741
2024-05-01 13:22:50,dht22_humidity,54.00129161141785
2024-05-01 13:22:50,mq2_gas,192.58650348149555
2024-05-01 13:22:55,dht22_temp,26.761123914231863
2024-05-01 13:22:55,dht22_humidity,54.83538147569058
2024-05-01 13:22:55,mq2_gas,203.74704446804336
2024-05-01 13:23:00,dht22_temp,26.752827471391388
2024-05-01 13:23:00,dht22_humidity,55.104069697363
2024-05-01 13:23:00,mq2_gas,209.87548794689508
2024-05-01 13:23:05,dht22_temp,26.77445938287451
2024-05-01 13:23:05,dht22_humidity,54.74850390546662
2024-05-01 13:23:05,mq2_gas,173.78706244108267
2024-05-01 13:23:10,dht22_temp,26.879013801204557
2024-05-01 13:23:10,dht22_humidity,54.53007774169456
2024-05-01 13:23:10,mq2_gas,190.90857349626128
2024-05-01 13:23:15,dht22_temp,26.895971879310437
2024-05-01 13:23:15,dht22_humidity,55.397144219766815
2024-05-01 13:23:15,mq2_gas,206.79965791294617
